begin,end,scene,video
1,1,1,5
2,2,2,5
3,8,3,5
9,12,4,5
13,14,5,5
15,18,6,5
19,33,7,5
34,39,8,5
40,40,9,5
41,41,10,5
42,42,11,5
43,51,12,5
52,56,13,5
57,59,14,5
60,67,15,5
68,68,16,5
69,74,17,5
75,75,18,5
76,79,19,5
80,80,20,5
81,95,21,5
96,101,22,5
102,104,23,5
105,115,24,5
116,123,25,5
124,137,26,5
138,138,27,5
139,142,28,5
143,150,29,5
151,153,30,5
154,175,31,5
176,177,32,5
178,188,33,5
189,198,34,5
199,199,35,5
200,200,36,5
201,202,37,5
203,210,38,5
211,212,39,5
213,219,40,5
220,230,41,5
231,233,42,5
234,246,43,5
247,249,44,5
250,250,45,5
251,264,46,5
265,268,47,5
269,280,48,5
281,282,49,5
283,283,50,5
284,284,51,5
285,285,52,5
286,299,53,5
300,332,54,5
333,341,55,5
342,344,56,5
345,346,57,5
347,354,58,5
355,358,59,5
359,359,60,5
360,363,61,5
364,380,62,5
381,381,63,5
382,382,64,5
383,383,65,5
384,385,66,5
386,392,67,5
393,402,68,5
403,405,69,5
406,407,70,5
408,409,71,5
410,411,72,5
412,414,73,5
415,440,74,5
441,441,75,5
442,465,76,5
466,466,77,5
467,474,78,5
475,478,79,5
479,479,80,5
480,488,81,5
489,501,82,5
502,502,83,5
503,510,84,5
511,511,85,5
512,514,86,5
515,515,87,5
516,517,88,5
518,520,89,5
521,521,90,5
522,523,91,5
524,525,92,5
526,528,93,5
529,533,94,5
534,535,95,5
536,537,96,5
538,546,97,5
547,550,98,5
551,554,99,5
555,560,100,5
561,561,101,5
562,590,102,5
591,591,103,5
592,594,104,5
595,602,105,5
603,603,106,5
604,638,107,5
639,640,108,5
641,646,109,5
647,650,110,5
651,657,111,5
658,683,112,5
684,684,113,5
685,685,114,5
686,716,115,5
717,727,116,5
728,728,117,5
1,5,1,72
6,6,2,72
7,23,3,72
24,50,4,72
51,86,5,72
87,89,6,72
90,91,7,72
92,99,8,72
100,114,9,72
115,164,10,72
165,165,11,72
166,192,12,72
193,198,13,72
199,199,14,72
200,210,15,72
211,219,16,72
220,222,17,72
223,224,18,72
225,226,19,72
227,227,20,72
228,240,21,72
241,242,22,72
243,244,23,72
245,246,24,72
247,254,25,72
255,256,26,72
257,261,27,72
262,263,28,72
264,266,29,72
267,273,30,72
274,274,31,72
275,278,32,72
279,279,33,72
280,280,34,72
281,285,35,72
286,286,36,72
287,289,37,72
290,291,38,72
292,293,39,72
294,295,40,72
296,297,41,72
298,322,42,72
323,333,43,72
334,338,44,72
339,343,45,72
344,359,46,72
360,361,47,72
362,364,48,72
365,375,49,72
376,376,50,72
377,377,51,72
378,378,52,72
379,384,53,72
385,385,54,72
386,402,55,72
403,403,56,72
404,412,57,72
413,415,58,72
416,506,59,72
507,507,60,72
508,511,61,72
512,513,62,72
514,514,63,72
515,517,64,72
518,520,65,72
521,521,66,72
522,522,67,72
523,535,68,72
536,610,69,72
611,611,70,72
612,612,71,72
613,728,72,72
729,743,73,72
744,745,74,72
746,746,75,72
747,750,76,72
751,753,77,72
754,755,78,72
756,757,79,72
758,763,80,72
764,764,81,72
765,765,82,72
766,768,83,72
769,774,84,72
775,775,85,72
776,778,86,72
779,783,87,72
784,853,88,72
854,855,89,72
856,963,90,72
964,1002,91,72
1003,1006,92,72
1007,1023,93,72
1024,1093,94,72
1094,1295,95,72
1296,1299,96,72
1300,1343,97,72
1344,1345,98,72
1346,1379,99,72
1380,1393,100,72
1394,1395,101,72
1396,1449,102,72
1450,1486,103,72
1487,1511,104,72
1512,1517,105,72
1518,1589,106,72
1,1,1,100
2,6,2,100
7,16,3,100
17,26,4,100
27,27,5,100
28,34,6,100
35,45,7,100
46,60,8,100
61,66,9,100
67,68,10,100
69,69,11,100
70,78,12,100
79,80,13,100
81,87,14,100
88,103,15,100
104,119,16,100
120,120,17,100
121,123,18,100
124,132,19,100
133,142,20,100
143,143,21,100
144,145,22,100
146,146,23,100
147,147,24,100
148,149,25,100
150,156,26,100
157,174,27,100
175,229,28,100
230,233,29,100
234,285,30,100
286,289,31,100
290,331,32,100
332,349,33,100
350,384,34,100
385,398,35,100
399,409,36,100
410,419,37,100
420,424,38,100
425,431,39,100
432,451,40,100
452,457,41,100
458,466,42,100
467,474,43,100
475,493,44,100
494,494,45,100
495,536,46,100
537,537,47,100
538,538,48,100
539,589,49,100
590,662,50,100
663,700,51,100
701,770,52,100
771,771,53,100
772,782,54,100
783,791,55,100
792,793,56,100
794,822,57,100
823,853,58,100
854,860,59,100
861,889,60,100
890,904,61,100
905,906,62,100
907,908,63,100
909,910,64,100
911,911,65,100
912,915,66,100
916,917,67,100
918,918,68,100
919,964,69,100
965,988,70,100
989,1022,71,100
1023,1062,72,100
1063,1127,73,100
1128,1190,74,100
1191,1278,75,100
1279,1298,76,100
1299,1373,77,100
1374,1382,78,100
1383,1430,79,100
1431,1436,80,100
1437,1439,81,100
1440,1449,82,100
1450,1461,83,100
1462,1463,84,100
1464,1467,85,100
1468,1492,86,100
1493,1501,87,100
1502,1510,88,100
1511,1514,89,100
1515,1522,90,100
1523,1529,91,100
1530,1534,92,100
1535,1543,93,100
1544,1565,94,100
1566,1581,95,100
1582,1588,96,100
1589,1591,97,100
1592,1595,98,100
1596,1604,99,100
1605,1619,100,100
1620,1622,101,100
1623,1625,102,100
1626,1640,103,100
1641,1653,104,100
1654,1654,105,100
1655,1751,106,100
1752,1761,107,100
1762,1778,108,100
1779,1779,109,100
1,1,1,123
2,2,2,123
3,7,3,123
8,9,4,123
10,11,5,123
12,15,6,123
16,19,7,123
20,32,8,123
33,33,9,123
34,37,10,123
38,38,11,123
39,74,12,123
75,83,13,123
84,111,14,123
112,112,15,123
113,113,16,123
114,118,17,123
119,130,18,123
131,143,19,123
144,144,20,123
145,145,21,123
146,146,22,123
147,147,23,123
148,154,24,123
155,155,25,123
156,158,26,123
159,159,27,123
160,162,28,123
163,173,29,123
174,177,30,123
178,178,31,123
179,184,32,123
185,186,33,123
187,187,34,123
188,189,35,123
190,190,36,123
191,191,37,123
192,233,38,123
234,236,39,123
237,237,40,123
238,257,41,123
258,265,42,123
266,267,43,123
268,290,44,123
291,292,45,123
293,294,46,123
295,299,47,123
300,300,48,123
301,301,49,123
302,304,50,123
305,307,51,123
308,308,52,123
309,312,53,123
313,346,54,123
347,365,55,123
366,373,56,123
374,382,57,123
383,384,58,123
385,385,59,123
386,393,60,123
394,412,61,123
413,415,62,123
416,416,63,123
417,456,64,123
457,462,65,123
463,478,66,123
479,486,67,123
487,488,68,123
489,497,69,123
498,501,70,123
502,505,71,123
506,508,72,123
509,518,73,123
519,519,74,123
520,520,75,123
521,527,76,123
528,528,77,123
529,538,78,123
539,539,79,123
540,543,80,123
544,544,81,123
545,547,82,123
548,548,83,123
549,552,84,123
553,553,85,123
554,568,86,123
569,569,87,123
570,577,88,123
578,578,89,123
579,584,90,123
585,605,91,123
606,606,92,123
607,607,93,123
1,2,1,131
3,3,2,131
4,14,3,131
15,37,4,131
38,67,5,131
68,74,6,131
75,81,7,131
82,86,8,131
87,101,9,131
102,103,10,131
104,126,11,131
127,161,12,131
162,170,13,131
171,178,14,131
179,180,15,131
181,181,16,131
182,200,17,131
201,203,18,131
204,204,19,131
205,250,20,131
251,259,21,131
260,266,22,131
267,376,23,131
377,420,24,131
421,444,25,131
445,471,26,131
472,485,27,131
486,513,28,131
514,528,29,131
529,539,30,131
540,562,31,131
563,575,32,131
576,650,33,131
651,680,34,131
681,861,35,131
862,885,36,131
886,910,37,131
911,943,38,131
944,945,39,131
946,980,40,131
981,1011,41,131
1012,1037,42,131
1038,1042,43,131
1043,1044,44,131
1045,1057,45,131
1058,1155,46,131
1156,1172,47,131
1173,1173,48,131
1174,1366,49,131
1367,1593,50,131
1594,1752,51,131
1753,1805,52,131
1806,1825,53,131
1826,1834,54,131
1835,1840,55,131
1841,1899,56,131
1900,1960,57,131
1961,1979,58,131
1980,1980,59,131
1981,1981,60,131
1982,1982,61,131
1983,1997,62,131
1998,2049,63,131
2050,2056,64,131
2057,2092,65,131
2093,2096,66,131
2097,2108,67,131
2109,2122,68,131
2123,2126,69,131
2127,2182,70,131
2183,2193,71,131
2194,2203,72,131
2204,2238,73,131
2239,2240,74,131
2241,2244,75,131
2245,2245,76,131
2246,2259,77,131
2260,2260,78,131
2261,2269,79,131
2270,2270,80,131
2271,2271,81,131
2272,2272,82,131
2273,2273,83,131
2274,2323,84,131
2324,2325,85,131
2326,2331,86,131
2332,2342,87,131
2343,2345,88,131
2346,2347,89,131
2348,2350,90,131
2351,2351,91,131
2352,2370,92,131
2371,2372,93,131
2373,2379,94,131
2380,2383,95,131
2384,2403,96,131
2404,2409,97,131
2410,2452,98,131
2453,2477,99,131
2478,2493,100,131
2494,2501,101,131
2502,2516,102,131
2517,2517,103,131
2518,2518,104,131
2519,2519,105,131
2520,2520,106,131
2521,2521,107,131
2522,2522,108,131
2523,2523,109,131
2524,2524,110,131
2525,2525,111,131
2526,2549,112,131
2550,2563,113,131
2564,2575,114,131
2576,2581,115,131
2582,2582,116,131
2583,2585,117,131
2586,2586,118,131
2587,2589,119,131
2590,2591,120,131
2592,2609,121,131
2610,2618,122,131
2619,2645,123,131
2646,2649,124,131
2650,2658,125,131
2659,2659,126,131
2660,2663,127,131
2664,2664,128,131
2665,2684,129,131
2685,2714,130,131
2715,2715,131,131
2716,2717,132,131
2718,2718,133,131
2719,2771,134,131
2772,2772,135,131
2773,2782,136,131
2783,2814,137,131
2815,2843,138,131
2844,2848,139,131
2849,2849,140,131
2850,2872,141,131
2873,2873,142,131
2874,2912,143,131
2913,2913,144,131
2914,2961,145,131
2962,2962,146,131
2963,2993,147,131
2994,2995,148,131
2996,2997,149,131
2998,2999,150,131
3000,3000,151,131
3001,3011,152,131
3012,3014,153,131
3015,3016,154,131
3017,3017,155,131
3018,3032,156,131
3033,3033,157,131
3034,3041,158,131
3042,3096,159,131
1,62,1,137
63,63,2,137
64,64,3,137
65,82,4,137
83,83,5,137
84,103,6,137
104,106,7,137
107,132,8,137
133,145,9,137
146,154,10,137
155,168,11,137
169,172,12,137
173,175,13,137
176,176,14,137
177,185,15,137
186,189,16,137
190,192,17,137
193,194,18,137
195,198,19,137
199,202,20,137
203,204,21,137
205,239,22,137
240,240,23,137
241,241,24,137
242,244,25,137
245,253,26,137
254,254,27,137
255,259,28,137
260,261,29,137
262,266,30,137
267,271,31,137
272,272,32,137
273,274,33,137
275,280,34,137
281,281,35,137
282,284,36,137
285,287,37,137
288,288,38,137
289,292,39,137
293,293,40,137
294,315,41,137
316,318,42,137
319,319,43,137
320,320,44,137
321,348,45,137
349,349,46,137
350,361,47,137
362,363,48,137
364,364,49,137
365,374,50,137
375,381,51,137
382,384,52,137
385,385,53,137
386,388,54,137
389,394,55,137
395,463,56,137
464,468,57,137
469,472,58,137
473,474,59,137
475,477,60,137
478,491,61,137
492,508,62,137
509,514,63,137
515,517,64,137
518,524,65,137
525,529,66,137
530,530,67,137
531,531,68,137
532,554,69,137
555,563,70,137
564,569,71,137
570,582,72,137
583,590,73,137
591,606,74,137
607,725,75,137
726,736,76,137
737,737,77,137
738,738,78,137
739,740,79,137
741,741,80,137
742,743,81,137
744,746,82,137
747,760,83,137
761,768,84,137
769,900,85,137
901,902,86,137
903,906,87,137
907,917,88,137
918,929,89,137
930,931,90,137
932,943,91,137
944,944,92,137
945,945,93,137
946,966,94,137
967,1000,95,137
1001,1002,96,137
1003,1007,97,137
1008,1008,98,137
1009,1010,99,137
1011,1013,100,137
1014,1021,101,137
1022,1029,102,137
1030,1190,103,137
1191,1191,104,137
1192,1195,105,137
1196,1197,106,137
1198,1205,107,137
1206,1206,108,137
1207,1207,109,137
1208,1208,110,137
1209,1213,111,137
1214,1214,112,137
1215,1223,113,137
1224,1227,114,137
1228,1234,115,137
1235,1235,116,137
1236,1247,117,137
1248,1252,118,137
1253,1253,119,137
1254,1261,120,137
1262,1262,121,137
1263,1264,122,137
1265,1270,123,137
1271,1271,124,137
1272,1272,125,137
1273,1273,126,137
1274,1274,127,137
1275,1275,128,137
1276,1276,129,137
1277,1277,130,137
1278,1285,131,137
1286,1287,132,137
1288,1289,133,137
1290,1294,134,137
1295,1295,135,137
1296,1298,136,137
1299,1307,137,137
1308,1308,138,137
1309,1314,139,137
1315,1316,140,137
1317,1324,141,137
1325,1325,142,137
1326,1346,143,137
1347,1348,144,137
1349,1399,145,137
1400,1406,146,137
1407,1410,147,137
1411,1414,148,137
1415,1422,149,137
1423,1432,150,137
1433,1470,151,137
1471,1488,152,137
1489,1522,153,137
1523,1526,154,137
1527,1528,155,137
1529,1530,156,137
1531,1557,157,137
1558,1559,158,137
1560,1564,159,137
1565,1565,160,137
1566,1575,161,137
1576,1607,162,137
1608,1618,163,137
1619,1620,164,137
1621,1634,165,137
1635,1642,166,137
1643,1644,167,137
1645,1653,168,137
1654,1703,169,137
1704,1717,170,137
1718,1719,171,137
1720,1754,172,137
1755,1761,173,137
1762,1779,174,137
1780,1787,175,137
1788,1789,176,137
1790,1795,177,137
1796,1807,178,137
1808,1812,179,137
1813,1813,180,137
1814,1822,181,137
1823,1836,182,137
1837,1886,183,137
1887,1887,184,137
1888,1895,185,137
1896,1904,186,137
1905,1913,187,137
1914,1914,188,137
1915,1921,189,137
1922,1922,190,137
1923,1926,191,137
1927,1927,192,137
1928,1937,193,137
1938,1938,194,137
1939,1945,195,137
1946,1957,196,137
1958,1964,197,137
1965,1973,198,137
1974,1976,199,137
1977,1984,200,137
1985,1986,201,137
1987,1987,202,137
1988,2027,203,137
2028,2033,204,137
2034,2034,205,137
1,3,1,178
4,5,2,178
6,23,3,178
24,45,4,178
46,63,5,178
64,89,6,178
90,93,7,178
94,94,8,178
95,95,9,178
96,101,10,178
102,105,11,178
106,196,12,178
197,197,13,178
198,198,14,178
199,205,15,178
206,210,16,178
211,222,17,178
223,255,18,178
256,315,19,178
316,367,20,178
368,368,21,178
369,399,22,178
400,445,23,178
446,480,24,178
481,490,25,178
491,507,26,178
508,508,27,178
509,540,28,178
541,932,29,178
933,999,30,178
1000,1036,31,178
1037,1166,32,178
1167,1253,33,178
1254,1282,34,178
1283,1296,35,178
1297,1317,36,178
1318,1320,37,178
1321,1325,38,178
1326,1333,39,178
1334,1336,40,178
1337,1338,41,178
1339,1341,42,178
1342,1349,43,178
1350,1365,44,178
1366,1371,45,178
1372,1432,46,178
1433,1433,47,178
1434,1435,48,178
1436,1804,49,178
1805,1843,50,178
1,3,1,186
4,5,2,186
6,6,3,186
7,18,4,186
19,41,5,186
42,42,6,186
43,43,7,186
44,45,8,186
46,57,9,186
58,59,10,186
60,78,11,186
79,87,12,186
88,88,13,186
89,89,14,186
90,97,15,186
98,98,16,186
99,99,17,186
100,114,18,186
115,118,19,186
119,126,20,186
127,140,21,186
141,142,22,186
143,143,23,186
144,144,24,186
145,154,25,186
155,237,26,186
238,238,27,186
239,246,28,186
247,261,29,186
262,268,30,186
269,284,31,186
285,290,32,186
291,324,33,186
325,325,34,186
326,328,35,186
329,367,36,186
368,373,37,186
374,374,38,186
375,397,39,186
398,398,40,186
399,434,41,186
435,435,42,186
436,463,43,186
464,480,44,186
481,481,45,186
482,487,46,186
488,488,47,186
489,489,48,186
490,493,49,186
494,497,50,186
498,511,51,186
512,515,52,186
516,516,53,186
517,527,54,186
528,528,55,186
529,539,56,186
540,554,57,186
555,583,58,186
584,597,59,186
598,602,60,186
603,603,61,186
604,629,62,186
630,636,63,186
637,641,64,186
642,734,65,186
735,736,66,186
737,738,67,186
739,755,68,186
756,784,69,186
785,786,70,186
787,788,71,186
789,789,72,186
790,829,73,186
830,834,74,186
835,841,75,186
842,843,76,186
844,845,77,186
846,849,78,186
850,850,79,186
851,853,80,186
854,860,81,186
861,903,82,186
904,904,83,186
905,906,84,186
907,907,85,186
908,908,86,186
909,909,87,186
910,910,88,186
911,913,89,186
914,914,90,186
915,915,91,186
916,945,92,186
946,950,93,186
951,951,94,186
952,952,95,186
953,954,96,186
955,956,97,186
957,957,98,186
958,958,99,186
959,962,100,186
963,965,101,186
966,983,102,186
984,992,103,186
993,1000,104,186
1001,1068,105,186
1069,1069,106,186
1070,1077,107,186
1078,1078,108,186
1079,1107,109,186
1108,1120,110,186
1121,1130,111,186
1131,1131,112,186
1132,1137,113,186
1138,1140,114,186
1141,1161,115,186
1162,1197,116,186
1198,1198,117,186
1199,1199,118,186
1200,1214,119,186
1215,1223,120,186
1224,1224,121,186
1225,1265,122,186
1266,1399,123,186
1400,1410,124,186
1411,1414,125,186
1415,1417,126,186
1418,1422,127,186
1423,1425,128,186
1426,1426,129,186
1427,1428,130,186
1429,1433,131,186
1434,1435,132,186
1436,1460,133,186
1461,1470,134,186
1471,1484,135,186
1485,1489,136,186
1490,1491,137,186
1492,1494,138,186
1495,1514,139,186
1515,1516,140,186
1517,1549,141,186
1550,1554,142,186
1555,1555,143,186
1556,1556,144,186
1557,1642,145,186
1643,1649,146,186
1650,1657,147,186
1658,1659,148,186
1660,1711,149,186
1712,1712,150,186
1713,1750,151,186
1751,1754,152,186
1755,1757,153,186
1758,1767,154,186
1768,1768,155,186
1769,1810,156,186
1811,1811,157,186
1812,1812,158,186
1813,1813,159,186
1814,1814,160,186
1815,1815,161,186
1816,1816,162,186
1817,1817,163,186
1818,1818,164,186
1819,1819,165,186
1820,1820,166,186
1821,1821,167,186
1822,1822,168,186
1823,1823,169,186
1824,1824,170,186
1825,1825,171,186
1826,1826,172,186
1827,1828,173,186
1,5,1,192
6,28,2,192
29,29,3,192
30,45,4,192
46,64,5,192
65,75,6,192
76,127,7,192
128,177,8,192
178,178,9,192
179,188,10,192
189,200,11,192
201,203,12,192
204,233,13,192
234,279,14,192
280,301,15,192
302,337,16,192
338,371,17,192
372,407,18,192
408,408,19,192
409,410,20,192
411,573,21,192
574,581,22,192
582,657,23,192
658,742,24,192
743,888,25,192
889,952,26,192
953,953,27,192
954,957,28,192
958,1053,29,192
1054,1054,30,192
1055,1061,31,192
1062,1062,32,192
1063,1063,33,192
1,12,1,268
13,16,2,268
17,17,3,268
18,50,4,268
51,52,5,268
53,64,6,268
65,75,7,268
76,76,8,268
77,92,9,268
93,105,10,268
106,106,11,268
107,107,12,268
108,108,13,268
109,114,14,268
115,115,15,268
116,116,16,268
117,117,17,268
118,129,18,268
130,130,19,268
131,134,20,268
135,174,21,268
175,198,22,268
199,202,23,268
203,208,24,268
209,209,25,268
210,301,26,268
302,302,27,268
303,303,28,268
304,304,29,268
305,330,30,268
331,331,31,268
332,334,32,268
335,340,33,268
341,352,34,268
353,362,35,268
363,363,36,268
364,377,37,268
378,378,38,268
379,396,39,268
397,397,40,268
398,407,41,268
408,408,42,268
409,409,43,268
410,410,44,268
411,412,45,268
413,426,46,268
427,441,47,268
442,446,48,268
447,451,49,268
452,465,50,268
466,467,51,268
468,479,52,268
480,497,53,268
498,499,54,268
500,555,55,268
556,556,56,268
557,572,57,268
573,579,58,268
580,619,59,268
620,620,60,268
621,623,61,268
624,639,62,268
640,640,63,268
641,644,64,268
645,646,65,268
647,647,66,268
648,687,67,268
688,712,68,268
713,757,69,268
758,760,70,268
1,20,1,274
21,25,2,274
26,26,3,274
27,27,4,274
28,28,5,274
29,31,6,274
32,35,7,274
36,36,8,274
37,45,9,274
46,46,10,274
47,49,11,274
50,50,12,274
51,58,13,274
59,78,14,274
79,112,15,274
113,113,16,274
114,118,17,274
119,119,18,274
120,120,19,274
121,121,20,274
122,122,21,274
123,123,22,274
124,125,23,274
126,127,24,274
128,131,25,274
132,138,26,274
139,139,27,274
140,140,28,274
141,144,29,274
145,148,30,274
149,159,31,274
160,167,32,274
168,184,33,274
185,188,34,274
189,209,35,274
210,236,36,274
237,238,37,274
239,240,38,274
241,248,39,274
249,257,40,274
258,270,41,274
271,317,42,274
318,331,43,274
332,333,44,274
334,343,45,274
344,346,46,274
347,352,47,274
353,364,48,274
365,365,49,274
366,403,50,274
404,405,51,274
406,420,52,274
421,426,53,274
427,427,54,274
428,450,55,274
451,457,56,274
458,460,57,274
461,461,58,274
462,464,59,274
465,481,60,274
482,486,61,274
487,496,62,274
497,497,63,274
498,503,64,274
504,504,65,274
505,515,66,274
516,547,67,274
548,552,68,274
553,553,69,274
554,555,70,274
556,575,71,274
576,577,72,274
578,587,73,274
588,608,74,274
609,613,75,274
614,618,76,274
619,636,77,274
637,637,78,274
638,641,79,274
642,658,80,274
659,659,81,274
660,664,82,274
665,675,83,274
676,676,84,274
677,691,85,274
692,699,86,274
700,711,87,274
712,717,88,274
718,718,89,274
719,769,90,274
770,780,91,274
781,828,92,274
829,829,93,274
830,840,94,274
841,841,95,274
842,842,96,274
843,845,97,274
846,847,98,274
848,851,99,274
852,852,100,274
853,884,101,274
885,885,102,274
886,914,103,274
915,917,104,274
918,927,105,274
928,932,106,274
933,944,107,274
945,966,108,274
967,1046,109,274
1047,1049,110,274
1050,1050,111,274
1051,1051,112,274
1052,1052,113,274
1053,1054,114,274
1055,1055,115,274
1056,1057,116,274
1058,1058,117,274
1059,1059,118,274
1060,1139,119,274
1140,1156,120,274
1157,1173,121,274
1174,1179,122,274
1180,1187,123,274
1188,1189,124,274
1190,1191,125,274
1192,1238,126,274
1239,1243,127,274
1244,1246,128,274
1247,1291,129,274
1292,1307,130,274
1308,1322,131,274
1323,1324,132,274
1325,1328,133,274
1329,1329,134,274
1330,1367,135,274
1368,1378,136,274
1379,1388,137,274
1389,1389,138,274
1390,1425,139,274
1426,1434,140,274
1435,1583,141,274
1584,1584,142,274
1585,1585,143,274
1586,1603,144,274
1604,1621,145,274
1622,1629,146,274
1630,1636,147,274
1637,1644,148,274
1645,1647,149,274
1648,1648,150,274
1649,1654,151,274
1655,1721,152,274
1722,1722,153,274
1723,1723,154,274
1724,1726,155,274
1727,1728,156,274
1729,1729,157,274
1730,1730,158,274
1731,1736,159,274
1737,1737,160,274
1738,1739,161,274
1740,1740,162,274
1741,1741,163,274
1742,1746,164,274
1747,1747,165,274
1748,1748,166,274
1749,1752,167,274
1753,1753,168,274
1754,1760,169,274
1761,1763,170,274
1764,1766,171,274
1767,1768,172,274
1769,1769,173,274
1770,1776,174,274
1777,1790,175,274
1791,1824,176,274
1825,1825,177,274
1826,1830,178,274
1831,1833,179,274
1834,1834,180,274
1835,1837,181,274
1838,1839,182,274
1840,1844,183,274
1845,1846,184,274
1847,1851,185,274
1852,1854,186,274
1855,1856,187,274
1857,1857,188,274
1858,1858,189,274
1859,1859,190,274
1860,1860,191,274
1861,1862,192,274
1863,1868,193,274
1869,1869,194,274
1870,1870,195,274
1871,1881,196,274
1882,1884,197,274
1885,1892,198,274
1893,1894,199,274
1895,1896,200,274
1897,1900,201,274
1901,1904,202,274
1905,1917,203,274
1918,1921,204,274
1922,1977,205,274
1978,1978,206,274
1979,2041,207,274
2042,2085,208,274
2086,2089,209,274
2090,2090,210,274
2091,2228,211,274
2229,2245,212,274
2246,2340,213,274
2341,2341,214,274
2342,2355,215,274
2356,2357,216,274
1,1,1,307
2,29,2,307
30,40,3,307
41,218,4,307
219,227,5,307
228,228,6,307
229,232,7,307
233,233,8,307
234,234,9,307
235,248,10,307
249,256,11,307
257,258,12,307
259,263,13,307
264,270,14,307
271,291,15,307
292,303,16,307
304,319,17,307
320,330,18,307
331,348,19,307
349,376,20,307
377,393,21,307
394,399,22,307
400,503,23,307
504,504,24,307
505,507,25,307
508,511,26,307
512,527,27,307
528,530,28,307
531,531,29,307
532,583,30,307
584,587,31,307
588,588,32,307
589,589,33,307
590,590,34,307
591,591,35,307
592,592,36,307
593,608,37,307
609,624,38,307
625,642,39,307
643,684,40,307
685,691,41,307
692,727,42,307
728,728,43,307
729,729,44,307
730,742,45,307
743,744,46,307
745,752,47,307
753,775,48,307
776,814,49,307
815,815,50,307
816,816,51,307
817,819,52,307
820,877,53,307
878,879,54,307
880,880,55,307
881,901,56,307
902,914,57,307
915,925,58,307
926,929,59,307
930,997,60,307
998,998,61,307
999,1007,62,307
1008,1063,63,307
1064,1104,64,307
1105,1119,65,307
1120,1126,66,307
1127,1130,67,307
1131,1132,68,307
1133,1154,69,307
1155,1302,70,307
1303,1306,71,307
1307,1314,72,307
1315,1319,73,307
1320,1341,74,307
1342,1345,75,307
1346,1347,76,307
1348,1354,77,307
1355,1359,78,307
1360,1379,79,307
1380,1416,80,307
1417,1440,81,307
1441,1447,82,307
1448,1464,83,307
1465,1481,84,307
1482,1502,85,307
1503,1508,86,307
1509,1523,87,307
1524,1540,88,307
1541,1544,89,307
1545,1547,90,307
1548,1549,91,307
1550,1554,92,307
1555,1589,93,307
1590,1590,94,307
1591,1595,95,307
1596,1597,96,307
1598,1598,97,307
1599,1604,98,307
1605,1614,99,307
1615,1616,100,307
1617,1618,101,307
1619,1646,102,307
1647,1648,103,307
1649,1789,104,307
1790,1797,105,307
1798,1805,106,307
1,1,1,328
2,2,2,328
3,3,3,328
4,25,4,328
26,26,5,328
27,37,6,328
38,38,7,328
39,39,8,328
40,40,9,328
41,44,10,328
45,46,11,328
47,50,12,328
51,52,13,328
53,69,14,328
70,77,15,328
78,92,16,328
93,98,17,328
99,99,18,328
100,100,19,328
101,102,20,328
103,104,21,328
105,111,22,328
112,113,23,328
114,114,24,328
115,115,25,328
116,116,26,328
117,117,27,328
118,118,28,328
119,121,29,328
122,131,30,328
132,147,31,328
148,153,32,328
154,154,33,328
155,170,34,328
171,208,35,328
209,209,36,328
210,210,37,328
211,231,38,328
232,237,39,328
238,238,40,328
239,256,41,328
257,257,42,328
258,258,43,328
259,261,44,328
262,262,45,328
263,277,46,328
278,278,47,328
279,283,48,328
284,284,49,328
285,285,50,328
286,286,51,328
287,335,52,328
336,341,53,328
342,342,54,328
343,363,55,328
364,381,56,328
382,389,57,328
390,406,58,328
407,410,59,328
411,411,60,328
412,452,61,328
453,471,62,328
472,478,63,328
479,479,64,328
480,486,65,328
487,487,66,328
488,488,67,328
489,517,68,328
518,518,69,328
519,519,70,328
520,542,71,328
543,609,72,328
610,665,73,328
666,670,74,328
671,675,75,328
676,694,76,328
695,713,77,328
714,717,78,328
718,718,79,328
719,721,80,328
722,722,81,328
723,723,82,328
724,731,83,328
732,744,84,328
745,749,85,328
750,759,86,328
760,771,87,328
772,772,88,328
773,775,89,328
776,814,90,328
815,818,91,328
819,831,92,328
832,832,93,328
833,847,94,328
848,878,95,328
879,923,96,328
924,946,97,328
947,948,98,328
949,981,99,328
982,995,100,328
996,1016,101,328
1017,1017,102,328
1018,1042,103,328
1043,1044,104,328
1045,1050,105,328
1051,1051,106,328
1052,1057,107,328
1058,1072,108,328
1073,1093,109,328
1094,1104,110,328
1105,1144,111,328
1145,1174,112,328
1175,1175,113,328
1176,1180,114,328
1181,1181,115,328
1182,1182,116,328
1183,1207,117,328
1208,1212,118,328
1213,1226,119,328
1227,1241,120,328
1242,1248,121,328
1249,1253,122,328
1254,1255,123,328
1256,1263,124,328
1264,1351,125,328
1352,1352,126,328
1353,1354,127,328
1355,1367,128,328
1368,1379,129,328
1380,1380,130,328
1381,1381,131,328
1,12,1,348
13,20,2,348
21,21,3,348
22,23,4,348
24,24,5,348
25,25,6,348
26,27,7,348
28,29,8,348
30,41,9,348
42,65,10,348
66,66,11,348
67,74,12,348
75,106,13,348
107,117,14,348
118,118,15,348
119,123,16,348
124,129,17,348
130,148,18,348
149,153,19,348
154,171,20,348
172,216,21,348
217,239,22,348
240,251,23,348
252,254,24,348
255,261,25,348
262,280,26,348
281,282,27,348
283,290,28,348
291,292,29,348
293,293,30,348
294,313,31,348
314,333,32,348
334,344,33,348
345,371,34,348
372,391,35,348
392,392,36,348
393,397,37,348
398,401,38,348
402,423,39,348
424,431,40,348
432,434,41,348
435,451,42,348
452,471,43,348
472,483,44,348
484,494,45,348
495,515,46,348
516,516,47,348
517,517,48,348
518,539,49,348
540,568,50,348
569,603,51,348
604,622,52,348
623,645,53,348
646,647,54,348
648,669,55,348
670,672,56,348
673,687,57,348
688,709,58,348
710,711,59,348
712,728,60,348
729,763,61,348
764,843,62,348
844,877,63,348
878,880,64,348
881,889,65,348
890,920,66,348
921,922,67,348
923,956,68,348
957,986,69,348
987,989,70,348
990,992,71,348
993,999,72,348
1000,1001,73,348
1002,1014,74,348
1015,1021,75,348
1022,1037,76,348
1038,1045,77,348
1046,1071,78,348
1072,1072,79,348
1073,1095,80,348
1096,1098,81,348
1099,1130,82,348
1131,1151,83,348
1152,1165,84,348
1166,1167,85,348
1168,1171,86,348
1172,1174,87,348
1175,1175,88,348
1176,1177,89,348
1178,1182,90,348
1183,1183,91,348
1184,1184,92,348
1185,1185,93,348
1186,1186,94,348
1187,1187,95,348
1188,1188,96,348
1189,1189,97,348
1190,1190,98,348
1191,1192,99,348
1193,1193,100,348
1194,1194,101,348
1195,1195,102,348
1,7,1,349
8,20,2,349
21,21,3,349
22,23,4,349
24,37,5,349
38,46,6,349
47,53,7,349
54,74,8,349
75,78,9,349
79,210,10,349
211,223,11,349
224,256,12,349
257,273,13,349
274,281,14,349
282,282,15,349
283,300,16,349
301,318,17,349
319,327,18,349
328,338,19,349
339,369,20,349
370,382,21,349
383,384,22,349
385,385,23,349
386,412,24,349
413,424,25,349
425,435,26,349
436,436,27,349
437,440,28,349
441,441,29,349
442,443,30,349
444,444,31,349
445,446,32,349
447,469,33,349
470,471,34,349
472,474,35,349
475,497,36,349
498,499,37,349
500,501,38,349
502,503,39,349
504,505,40,349
506,509,41,349
510,531,42,349
532,540,43,349
541,596,44,349
597,597,45,349
598,598,46,349
599,599,47,349
600,614,48,349
615,630,49,349
631,641,50,349
642,662,51,349
663,667,52,349
668,669,53,349
670,670,54,349
671,671,55,349
672,672,56,349
673,682,57,349
683,702,58,349
703,706,59,349
707,712,60,349
713,725,61,349
726,734,62,349
735,737,63,349
738,746,64,349
747,747,65,349
748,764,66,349
765,766,67,349
767,767,68,349
768,768,69,349
769,774,70,349
775,777,71,349
778,778,72,349
779,779,73,349
780,781,74,349
782,782,75,349
783,785,76,349
786,786,77,349
787,796,78,349
797,804,79,349
805,809,80,349
810,834,81,349
835,836,82,349
837,856,83,349
857,858,84,349
859,863,85,349
864,865,86,349
866,904,87,349
905,924,88,349
925,927,89,349
928,932,90,349
933,945,91,349
946,946,92,349
947,972,93,349
973,1006,94,349
1007,1007,95,349
1008,1017,96,349
1018,1019,97,349
1020,1027,98,349
1028,1040,99,349
1041,1044,100,349
1045,1070,101,349
1071,1087,102,349
1088,1088,103,349
1089,1089,104,349
1090,1105,105,349
1106,1120,106,349
1121,1161,107,349
1162,1162,108,349
1163,1170,109,349
1171,1186,110,349
1187,1188,111,349
1189,1194,112,349
1195,1199,113,349
1200,1213,114,349
1214,1224,115,349
1225,1364,116,349
1365,1395,117,349
1396,1399,118,349
1400,1420,119,349
1421,1421,120,349
1422,1422,121,349
1423,1444,122,349
1445,1457,123,349
1458,1477,124,349
1478,1479,125,349
1480,1496,126,349
1497,1497,127,349
1498,1506,128,349
1507,1525,129,349
1526,1541,130,349
1542,1545,131,349
1546,1555,132,349
1556,1584,133,349
1585,1600,134,349
1601,1602,135,349
1603,1605,136,349
1606,1611,137,349
1612,1612,138,349
1613,1616,139,349
1617,1617,140,349
1618,1618,141,349
1619,1630,142,349
1631,1631,143,349
1632,1633,144,349
1634,1639,145,349
1640,1641,146,349
1642,1653,147,349
1654,1654,148,349
1655,1656,149,349
1657,1657,150,349
1658,1661,151,349
1662,1667,152,349
1668,1680,153,349
1681,1685,154,349
1686,1701,155,349
1702,1704,156,349
1705,1705,157,349
1706,1725,158,349
1726,1729,159,349
1730,1765,160,349
1766,1766,161,349
1767,1767,162,349
1768,1772,163,349
1773,1773,164,349
1774,1776,165,349
1777,1782,166,349
1783,1786,167,349
1787,1793,168,349
1794,1794,169,349
1795,1796,170,349
1797,1807,171,349
1808,1808,172,349
1809,1809,173,349
1810,1810,174,349
1811,1812,175,349
1813,1818,176,349
1819,1819,177,349
1820,1820,178,349
1821,1821,179,349
1822,1822,180,349
1823,1830,181,349
1831,1833,182,349
1834,1834,183,349
1835,1842,184,349
1843,1843,185,349
1844,1846,186,349
1847,1852,187,349
1853,1860,188,349
1861,1865,189,349
1866,1880,190,349
1881,1908,191,349
1909,1999,192,349
2000,2000,193,349
1,4,1,386
5,18,2,386
19,54,3,386
55,55,4,386
56,65,5,386
66,176,6,386
177,188,7,386
189,190,8,386
191,191,9,386
192,194,10,386
195,195,11,386
196,196,12,386
197,223,13,386
224,226,14,386
227,260,15,386
261,262,16,386
263,263,17,386
264,265,18,386
266,274,19,386
275,292,20,386
293,297,21,386
298,323,22,386
324,378,23,386
379,384,24,386
385,422,25,386
423,447,26,386
448,453,27,386
454,496,28,386
497,508,29,386
509,570,30,386
571,573,31,386
574,574,32,386
575,575,33,386
576,577,34,386
578,581,35,386
582,582,36,386
583,584,37,386
585,585,38,386
586,589,39,386
590,598,40,386
599,607,41,386
608,641,42,386
642,670,43,386
671,711,44,386
712,716,45,386
717,740,46,386
741,761,47,386
762,768,48,386
769,774,49,386
775,777,50,386
778,788,51,386
789,807,52,386
808,826,53,386
827,827,54,386
828,828,55,386
829,829,56,386
830,830,57,386
831,835,58,386
836,838,59,386
839,872,60,386
873,889,61,386
890,892,62,386
893,896,63,386
897,902,64,386
903,926,65,386
927,930,66,386
931,931,67,386
932,932,68,386
933,934,69,386
935,943,70,386
944,950,71,386
951,1030,72,386
1031,1048,73,386
1049,1067,74,386
1068,1108,75,386
1109,1189,76,386
1190,1252,77,386
1253,1290,78,386
1291,1318,79,386
1319,1359,80,386
1360,1372,81,386
1373,1415,82,386
1416,1419,83,386
1420,1431,84,386
1432,1440,85,386
1441,1442,86,386
1443,1478,87,386
1479,1504,88,386
1505,1526,89,386
1527,1535,90,386
1536,1540,91,386
1541,1546,92,386
1547,1551,93,386
1552,1561,94,386
1562,1563,95,386
1564,1564,96,386
1565,1565,97,386
1566,1569,98,386
1570,1572,99,386
1573,1576,100,386
1577,1580,101,386
1581,1585,102,386
1586,1590,103,386
1591,1605,104,386
1606,1634,105,386
1635,1644,106,386
1645,1666,107,386
1667,1683,108,386
1684,1688,109,386
1689,1725,110,386
1726,1730,111,386
1731,1731,112,386
1732,1733,113,386
1734,1739,114,386
1740,1743,115,386
1744,1747,116,386
1748,1758,117,386
1759,1759,118,386
1760,1761,119,386
1762,1767,120,386
1768,1775,121,386
1776,1777,122,386
1778,1778,123,386
1779,1784,124,386
1785,1785,125,386
1786,1789,126,386
1790,1790,127,386
1791,1793,128,386
1794,1795,129,386
1796,1799,130,386
1800,1802,131,386
1803,1805,132,386
1806,1825,133,386
1826,1839,134,386
1840,1851,135,386
1852,1865,136,386
1866,1868,137,386
1869,1879,138,386
1880,1881,139,386
1882,1882,140,386
1883,1885,141,386
1886,1931,142,386
1932,1934,143,386
1935,1938,144,386
1939,1943,145,386
1944,1944,146,386
1945,1947,147,386
1948,1948,148,386
1949,1974,149,386
1975,1979,150,386
1980,1986,151,386
1987,2011,152,386
2012,2025,153,386
2026,2035,154,386
2036,2037,155,386
2038,2039,156,386
2040,2054,157,386
2055,2057,158,386
2058,2058,159,386
2059,2062,160,386
2063,2064,161,386
2065,2077,162,386
2078,2079,163,386
2080,2099,164,386
2100,2101,165,386
2102,2106,166,386
2107,2110,167,386
2111,2113,168,386
2114,2155,169,386
2156,2165,170,386
2166,2168,171,386
2169,2170,172,386
2171,2190,173,386
2191,2199,174,386
2200,2205,175,386
2206,2219,176,386
2220,2224,177,386
2225,2228,178,386
2229,2235,179,386
2236,2239,180,386
2240,2253,181,386
2254,2260,182,386
2261,2265,183,386
2266,2266,184,386
2267,2267,185,386
2268,2271,186,386
2272,2274,187,386
2275,2278,188,386
2279,2280,189,386
2281,2283,190,386
2284,2300,191,386
2301,2301,192,386
2302,2306,193,386
2307,2307,194,386
2308,2309,195,386
2310,2318,196,386
2319,2319,197,386
2320,2332,198,386
2333,2336,199,386
2337,2337,200,386
2338,2338,201,386
2339,2339,202,386
2340,2341,203,386
2342,2342,204,386
2343,2344,205,386
2345,2348,206,386
2349,2349,207,386
2350,2353,208,386
2354,2356,209,386
2357,2358,210,386
2359,2359,211,386
2360,2375,212,386
2376,2376,213,386
2377,2377,214,386
2378,2378,215,386
2379,2379,216,386
2380,2381,217,386
2382,2392,218,386
2393,2393,219,386
2394,2395,220,386
2396,2396,221,386
2397,2397,222,386
2398,2398,223,386
2399,2408,224,386
2409,2409,225,386
2410,2420,226,386
2421,2422,227,386
2423,2423,228,386
2424,2425,229,386
2426,2426,230,386
2427,2427,231,386
2428,2433,232,386
2434,2445,233,386
2446,2449,234,386
2450,2453,235,386
2454,2459,236,386
2460,2460,237,386
2461,2461,238,386
2462,2471,239,386
2472,2473,240,386
2474,2477,241,386
2478,2478,242,386
2479,2479,243,386
2480,2481,244,386
2482,2483,245,386
2484,2489,246,386
2490,2492,247,386
2493,2493,248,386
2494,2494,249,386
2495,2498,250,386
2499,2512,251,386
2513,2513,252,386
2514,2517,253,386
2518,2520,254,386
2521,2526,255,386
2527,2529,256,386
2530,2537,257,386
2538,2559,258,386
2560,2570,259,386
2571,2580,260,386
2581,2590,261,386
2591,2602,262,386
2603,2608,263,386
2609,2610,264,386
1,3,1,393
4,8,2,393
9,110,3,393
111,120,4,393
121,130,5,393
131,146,6,393
147,156,7,393
157,158,8,393
159,159,9,393
160,182,10,393
183,187,11,393
188,188,12,393
189,197,13,393
198,211,14,393
212,284,15,393
285,285,16,393
286,286,17,393
287,287,18,393
288,289,19,393
290,291,20,393
292,332,21,393
333,395,22,393
396,411,23,393
412,412,24,393
413,463,25,393
464,464,26,393
465,524,27,393
525,539,28,393
540,543,29,393
544,553,30,393
554,601,31,393
602,628,32,393
629,866,33,393
867,936,34,393
937,941,35,393
942,946,36,393
947,954,37,393
955,966,38,393
967,969,39,393
970,973,40,393
974,986,41,393
987,987,42,393
988,989,43,393
990,1096,44,393
1097,1122,45,393
1123,1175,46,393
1176,1178,47,393
1179,1234,48,393
1235,1240,49,393
1241,1332,50,393
1333,1371,51,393
1372,1418,52,393
1419,1448,53,393
1,1,1,414
2,3,2,414
4,4,3,414
5,8,4,414
9,51,5,414
52,56,6,414
57,60,7,414
61,62,8,414
63,64,9,414
65,66,10,414
67,70,11,414
71,71,12,414
72,72,13,414
73,75,14,414
76,81,15,414
82,84,16,414
85,85,17,414
86,90,18,414
91,118,19,414
119,121,20,414
122,128,21,414
129,136,22,414
137,138,23,414
139,156,24,414
157,194,25,414
195,196,26,414
197,203,27,414
204,209,28,414
210,220,29,414
221,254,30,414
255,260,31,414
261,263,32,414
264,270,33,414
271,283,34,414
284,302,35,414
303,313,36,414
314,315,37,414
316,339,38,414
340,348,39,414
349,403,40,414
404,406,41,414
407,407,42,414
408,408,43,414
409,409,44,414
410,415,45,414
416,416,46,414
417,417,47,414
418,422,48,414
423,423,49,414
424,424,50,414
425,425,51,414
426,426,52,414
427,427,53,414
428,428,54,414
429,429,55,414
430,430,56,414
431,431,57,414
432,432,58,414
433,435,59,414
436,437,60,414
438,442,61,414
443,474,62,414
475,493,63,414
494,522,64,414
523,527,65,414
528,529,66,414
530,532,67,414
533,533,68,414
534,534,69,414
535,550,70,414
551,560,71,414
561,563,72,414
564,564,73,414
565,588,74,414
589,594,75,414
595,595,76,414
596,596,77,414
597,597,78,414
598,598,79,414
599,604,80,414
605,670,81,414
671,714,82,414
715,716,83,414
717,741,84,414
742,745,85,414
746,746,86,414
747,775,87,414
776,811,88,414
812,812,89,414
813,937,90,414
938,962,91,414
963,991,92,414
992,992,93,414
993,1043,94,414
1044,1109,95,414
1110,1113,96,414
1114,1114,97,414
1115,1124,98,414
1125,1131,99,414
1132,1140,100,414
1141,1244,101,414
1,1,1,429
2,2,2,429
3,40,3,429
41,42,4,429
43,59,5,429
60,60,6,429
61,61,7,429
62,67,8,429
68,73,9,429
74,98,10,429
99,99,11,429
100,107,12,429
108,126,13,429
127,139,14,429
140,141,15,429
142,149,16,429
150,168,17,429
169,177,18,429
178,204,19,429
205,205,20,429
206,208,21,429
209,239,22,429
240,253,23,429
254,264,24,429
265,270,25,429
271,271,26,429
272,293,27,429
294,294,28,429
295,298,29,429
299,312,30,429
313,320,31,429
321,354,32,429
355,356,33,429
357,359,34,429
360,360,35,429
361,365,36,429
366,374,37,429
375,380,38,429
381,402,39,429
403,409,40,429
410,431,41,429
432,432,42,429
433,447,43,429
448,450,44,429
451,475,45,429
476,477,46,429
478,479,47,429
480,480,48,429
481,484,49,429
485,486,50,429
487,500,51,429
501,507,52,429
508,512,53,429
513,522,54,429
523,523,55,429
524,524,56,429
525,526,57,429
527,533,58,429
534,536,59,429
537,537,60,429
538,539,61,429
540,548,62,429
549,549,63,429
550,551,64,429
552,555,65,429
556,556,66,429
557,558,67,429
559,560,68,429
561,562,69,429
563,574,70,429
575,594,71,429
595,598,72,429
599,600,73,429
601,612,74,429
613,635,75,429
636,665,76,429
666,675,77,429
676,676,78,429
677,678,79,429
679,679,80,429
680,683,81,429
684,684,82,429
685,686,83,429
687,699,84,429
700,721,85,429
722,734,86,429
735,738,87,429
739,752,88,429
753,776,89,429
777,816,90,429
817,819,91,429
820,867,92,429
868,879,93,429
880,890,94,429
891,891,95,429
892,905,96,429
906,917,97,429
918,935,98,429
936,956,99,429
957,962,100,429
963,963,101,429
964,978,102,429
979,980,103,429
981,987,104,429
988,991,105,429
992,1000,106,429
1001,1007,107,429
1008,1011,108,429
1012,1013,109,429
1014,1022,110,429
1023,1037,111,429
1038,1038,112,429
1039,1039,113,429
1040,1049,114,429
1050,1052,115,429
1053,1053,116,429
1054,1054,117,429
1055,1055,118,429
1056,1056,119,429
1057,1058,120,429
1059,1061,121,429
1062,1062,122,429
1063,1063,123,429
1064,1064,124,429
1065,1065,125,429
1066,1066,126,429
1067,1067,127,429
1068,1068,128,429
1069,1069,129,429
1070,1074,130,429
1075,1075,131,429
1076,1078,132,429
1079,1085,133,429
1086,1088,134,429
1089,1093,135,429
1094,1109,136,429
1110,1124,137,429
1125,1128,138,429
1129,1129,139,429
1130,1132,140,429
1133,1136,141,429
1137,1141,142,429
1142,1142,143,429
1143,1147,144,429
1148,1149,145,429
1150,1150,146,429
1151,1245,147,429
1246,1252,148,429
1253,1253,149,429
1254,1266,150,429
1267,1267,151,429
1268,1309,152,429
1310,1312,153,429
1313,1313,154,429
1314,1315,155,429
1316,1327,156,429
1328,1328,157,429
1,5,1,430
6,57,2,430
58,70,3,430
71,72,4,430
73,95,5,430
96,102,6,430
103,128,7,430
129,137,8,430
138,144,9,430
145,150,10,430
151,167,11,430
168,172,12,430
173,192,13,430
193,195,14,430
196,217,15,430
218,246,16,430
247,254,17,430
255,259,18,430
260,261,19,430
262,263,20,430
264,264,21,430
265,273,22,430
274,276,23,430
277,288,24,430
289,555,25,430
556,639,26,430
640,642,27,430
643,646,28,430
647,789,29,430
790,804,30,430
805,813,31,430
814,1007,32,430
1008,1022,33,430
1023,1027,34,430
1028,1033,35,430
1034,1042,36,430
1043,1052,37,430
1053,1061,38,430
1062,1069,39,430
1070,1070,40,430
1071,1071,41,430
1072,1082,42,430
1083,1092,43,430
1093,1120,44,430
1121,1121,45,430
1122,1125,46,430
1126,1145,47,430
1146,1152,48,430
1153,1164,49,430
1165,1174,50,430
1175,1191,51,430
1192,1193,52,430
1194,1195,53,430
1196,1197,54,430
1198,1206,55,430
1207,1208,56,430
1209,1211,57,430
1212,1212,58,430
1213,1221,59,430
1222,1222,60,430
1223,1226,61,430
1227,1227,62,430
1228,1242,63,430
1243,1250,64,430
1251,1361,65,430
1362,1372,66,430
1373,1435,67,430
1436,1436,68,430
1437,1440,69,430
1441,1446,70,430
1447,1455,71,430
1456,1469,72,430
1470,1471,73,430
1,4,1,453
5,12,2,453
13,15,3,453
16,19,4,453
20,24,5,453
25,40,6,453
41,49,7,453
50,76,8,453
77,91,9,453
92,114,10,453
115,115,11,453
116,129,12,453
130,146,13,453
147,159,14,453
160,168,15,453
169,179,16,453
180,180,17,453
181,188,18,453
189,193,19,453
194,200,20,453
201,214,21,453
215,253,22,453
254,267,23,453
268,311,24,453
312,327,25,453
328,328,26,453
329,338,27,453
339,356,28,453
357,365,29,453
366,378,30,453
379,381,31,453
382,388,32,453
389,389,33,453
390,423,34,453
424,430,35,453
431,445,36,453
446,461,37,453
462,471,38,453
472,479,39,453
480,490,40,453
491,493,41,453
494,520,42,453
521,522,43,453
523,553,44,453
554,611,45,453
612,649,46,453
650,762,47,453
763,795,48,453
796,826,49,453
827,869,50,453
870,870,51,453
871,890,52,453
891,924,53,453
925,991,54,453
992,997,55,453
998,1008,56,453
1009,1111,57,453
1112,1165,58,453
1166,1753,59,453
1754,1776,60,453
1777,1779,61,453
1780,1780,62,453
1,17,1,468
18,18,2,468
19,25,3,468
26,36,4,468
37,41,5,468
42,43,6,468
44,49,7,468
50,52,8,468
53,53,9,468
54,54,10,468
55,91,11,468
92,94,12,468
95,97,13,468
98,99,14,468
100,110,15,468
111,111,16,468
112,117,17,468
118,122,18,468
123,128,19,468
129,151,20,468
152,167,21,468
168,206,22,468
207,207,23,468
208,208,24,468
209,214,25,468
215,216,26,468
217,217,27,468
218,219,28,468
220,220,29,468
221,222,30,468
223,223,31,468
224,224,32,468
225,234,33,468
235,235,34,468
236,237,35,468
238,238,36,468
239,241,37,468
242,242,38,468
243,251,39,468
252,255,40,468
256,269,41,468
270,288,42,468
289,289,43,468
290,304,44,468
305,360,45,468
361,384,46,468
385,407,47,468
408,424,48,468
425,434,49,468
435,502,50,468
503,516,51,468
517,517,52,468
518,524,53,468
525,532,54,468
533,533,55,468
534,550,56,468
551,569,57,468
570,594,58,468
595,602,59,468
603,604,60,468
605,611,61,468
612,643,62,468
644,696,63,468
697,750,64,468
751,771,65,468
772,772,66,468
773,778,67,468
779,784,68,468
785,795,69,468
796,810,70,468
811,820,71,468
821,821,72,468
822,847,73,468
848,848,74,468
849,868,75,468
869,869,76,468
870,947,77,468
948,954,78,468
955,962,79,468
963,963,80,468
964,981,81,468
982,982,82,468
983,1024,83,468
1025,1030,84,468
1031,1031,85,468
1032,1057,86,468
1058,1058,87,468
1059,1078,88,468
1079,1079,89,468
1080,1089,90,468
1090,1097,91,468
1098,1098,92,468
1099,1100,93,468
1101,1105,94,468
1106,1106,95,468
1107,1107,96,468
1108,1108,97,468
1109,1159,98,468
1160,1160,99,468
1161,1180,100,468
1181,1193,101,468
1194,1207,102,468
1208,1208,103,468
1209,1209,104,468
1210,1212,105,468
1213,1214,106,468
1215,1215,107,468
1216,1221,108,468
1222,1232,109,468
1233,1233,110,468
1234,1248,111,468
1249,1260,112,468
1261,1286,113,468
1287,1287,114,468
1288,1385,115,468
1386,1423,116,468
1424,1424,117,468
1425,1469,118,468
1470,1478,119,468
1479,1479,120,468
1480,1480,121,468
1481,1487,122,468
1488,1497,123,468
1498,1505,124,468
1506,1515,125,468
1516,1519,126,468
1520,1525,127,468
1526,1532,128,468
1533,1536,129,468
1537,1537,130,468
1538,1541,131,468
1542,1542,132,468
1543,1543,133,468
1544,1544,134,468
1545,1545,135,468
1546,1546,136,468
1547,1548,137,468
1549,1549,138,468
1550,1550,139,468
1551,1567,140,468
1568,1569,141,468
1570,1570,142,468
1571,1571,143,468
1572,1574,144,468
1575,1575,145,468
1576,1578,146,468
1579,1579,147,468
1580,1580,148,468
1581,1581,149,468
1582,1582,150,468
1583,1583,151,468
1584,1584,152,468
1585,1585,153,468
1586,1586,154,468
1587,1587,155,468
1588,1588,156,468
1589,1589,157,468
1590,1591,158,468
1592,1592,159,468
1593,1594,160,468
1595,1595,161,468
1596,1596,162,468
1597,1598,163,468
1599,1600,164,468
1601,1602,165,468
1603,1662,166,468
1663,1664,167,468
1665,1665,168,468
1666,1716,169,468
1717,1723,170,468
1724,1725,171,468
1726,1726,172,468
1727,1731,173,468
1732,1752,174,468
1753,1756,175,468
1757,1760,176,468
1761,1819,177,468
1820,1862,178,468
1863,1889,179,468
1890,1892,180,468
1893,1895,181,468
1896,1899,182,468
1900,1914,183,468
1915,1915,184,468
1916,1916,185,468
1917,2036,186,468
2037,2096,187,468
2097,2139,188,468
2140,2141,189,468
2142,2143,190,468
2144,2144,191,468
2145,2163,192,468
2164,2177,193,468
2178,2198,194,468
2199,2206,195,468
2207,2210,196,468
2211,2221,197,468
2222,2225,198,468
2226,2232,199,468
2233,2242,200,468
2243,2318,201,468
2319,2323,202,468
2324,2324,203,468
2325,2333,204,468
2334,2369,205,468
2370,2399,206,468
2400,2401,207,468
2402,2402,208,468
2403,2403,209,468
2404,2405,210,468
2406,2406,211,468
2407,2408,212,468
2409,2409,213,468
2410,2410,214,468
2411,2411,215,468
2412,2413,216,468
2414,2414,217,468
2415,2471,218,468
2472,2473,219,468
2474,2480,220,468
2481,2481,221,468
2482,2517,222,468
2518,2519,223,468
2520,2520,224,468
2521,2521,225,468
2522,2547,226,468
2548,2548,227,468
2549,2549,228,468
1,3,1,478
4,21,2,478
22,38,3,478
39,39,4,478
40,43,5,478
44,57,6,478
58,69,7,478
70,78,8,478
79,115,9,478
116,116,10,478
117,135,11,478
136,137,12,478
138,164,13,478
165,168,14,478
169,175,15,478
176,178,16,478
179,223,17,478
224,230,18,478
231,234,19,478
235,236,20,478
237,244,21,478
245,246,22,478
247,247,23,478
248,250,24,478
251,254,25,478
255,256,26,478
257,265,27,478
266,282,28,478
283,294,29,478
295,295,30,478
296,296,31,478
297,318,32,478
319,319,33,478
320,340,34,478
341,362,35,478
363,369,36,478
370,377,37,478
378,378,38,478
379,379,39,478
380,402,40,478
403,408,41,478
409,412,42,478
413,415,43,478
416,421,44,478
422,427,45,478
428,429,46,478
430,437,47,478
438,438,48,478
439,446,49,478
447,453,50,478
454,455,51,478
456,456,52,478
457,475,53,478
476,507,54,478
508,519,55,478
520,527,56,478
528,531,57,478
532,537,58,478
538,552,59,478
553,570,60,478
571,574,61,478
575,585,62,478
586,627,63,478
628,644,64,478
645,666,65,478
667,711,66,478
712,731,67,478
732,760,68,478
761,763,69,478
764,767,70,478
768,802,71,478
803,823,72,478
824,826,73,478
827,837,74,478
838,838,75,478
839,841,76,478
842,842,77,478
843,843,78,478
844,845,79,478
846,846,80,478
847,855,81,478
856,856,82,478
857,862,83,478
863,869,84,478
870,872,85,478
873,881,86,478
882,882,87,478
883,888,88,478
889,898,89,478
899,916,90,478
917,919,91,478
1,3,1,508
4,4,2,508
5,14,3,508
15,15,4,508
16,34,5,508
35,35,6,508
36,43,7,508
44,44,8,508
45,54,9,508
55,77,10,508
78,87,11,508
88,90,12,508
91,98,13,508
99,122,14,508
123,146,15,508
147,153,16,508
154,173,17,508
174,180,18,508
181,207,19,508
208,209,20,508
210,218,21,508
219,251,22,508
252,271,23,508
272,301,24,508
302,309,25,508
310,382,26,508
383,387,27,508
388,419,28,508
420,420,29,508
421,445,30,508
446,447,31,508
448,448,32,508
449,449,33,508
450,450,34,508
451,451,35,508
452,452,36,508
453,454,37,508
455,455,38,508
456,456,39,508
457,457,40,508
458,458,41,508
459,460,42,508
461,461,43,508
462,463,44,508
464,469,45,508
470,472,46,508
473,473,47,508
474,475,48,508
476,476,49,508
477,477,50,508
478,489,51,508
490,491,52,508
492,492,53,508
493,493,54,508
494,494,55,508
495,496,56,508
497,499,57,508
500,503,58,508
504,504,59,508
505,506,60,508
507,508,61,508
509,509,62,508
510,510,63,508
511,515,64,508
516,519,65,508
520,520,66,508
521,523,67,508
524,529,68,508
530,533,69,508
534,541,70,508
542,543,71,508
544,545,72,508
546,547,73,508
548,556,74,508
557,557,75,508
558,561,76,508
562,563,77,508
564,565,78,508
566,570,79,508
571,571,80,508
572,572,81,508
573,574,82,508
575,577,83,508
578,597,84,508
598,601,85,508
602,612,86,508
613,647,87,508
648,648,88,508
649,667,89,508
668,674,90,508
675,721,91,508
722,722,92,508
723,741,93,508
742,743,94,508
744,744,95,508
745,746,96,508
747,754,97,508
755,755,98,508
756,756,99,508
757,757,100,508
758,764,101,508
765,801,102,508
802,813,103,508
814,843,104,508
844,853,105,508
854,855,106,508
856,857,107,508
858,864,108,508
865,865,109,508
866,885,110,508
886,886,111,508
887,891,112,508
892,892,113,508
893,921,114,508
922,935,115,508
936,940,116,508
941,945,117,508
946,953,118,508
954,959,119,508
960,960,120,508
961,972,121,508
973,1030,122,508
1031,1049,123,508
1050,1075,124,508
1076,1100,125,508
1101,1118,126,508
1119,1181,127,508
1182,1225,128,508
1226,1226,129,508
1227,1237,130,508
1238,1248,131,508
1249,1270,132,508
1271,1275,133,508
1276,1294,134,508
1295,1324,135,508
1325,1331,136,508
1332,1359,137,508
1360,1369,138,508
1370,1415,139,508
1416,1419,140,508
1420,1443,141,508
1444,1449,142,508
1450,1453,143,508
1454,1461,144,508
1462,1487,145,508
1488,1488,146,508
1489,1495,147,508
1496,1502,148,508
1503,1504,149,508
1505,1507,150,508
1508,1539,151,508
1540,1540,152,508
1541,1541,153,508
1542,1542,154,508
1543,1546,155,508
1547,1547,156,508
1548,1548,157,508
1549,1549,158,508
1550,1550,159,508
1,23,1,538
24,29,2,538
30,38,3,538
39,40,4,538
41,42,5,538
43,44,6,538
45,45,7,538
46,46,8,538
47,47,9,538
48,48,10,538
49,50,11,538
51,51,12,538
52,52,13,538
53,53,14,538
54,54,15,538
55,55,16,538
56,57,17,538
58,60,18,538
61,62,19,538
63,63,20,538
64,64,21,538
65,65,22,538
66,67,23,538
68,68,24,538
69,69,25,538
70,70,26,538
71,71,27,538
72,72,28,538
73,73,29,538
74,74,30,538
75,75,31,538
76,76,32,538
77,77,33,538
78,78,34,538
79,90,35,538
91,91,36,538
92,126,37,538
127,130,38,538
131,131,39,538
132,134,40,538
135,135,41,538
136,138,42,538
139,139,43,538
140,140,44,538
141,147,45,538
148,150,46,538
151,151,47,538
152,153,48,538
154,155,49,538
156,157,50,538
158,159,51,538
160,160,52,538
161,161,53,538
162,162,54,538
163,165,55,538
166,167,56,538
168,168,57,538
169,169,58,538
170,170,59,538
171,171,60,538
172,174,61,538
175,175,62,538
176,177,63,538
178,178,64,538
179,180,65,538
181,181,66,538
182,182,67,538
183,184,68,538
185,185,69,538
186,187,70,538
188,188,71,538
189,189,72,538
190,190,73,538
191,191,74,538
192,192,75,538
193,193,76,538
194,194,77,538
195,198,78,538
199,199,79,538
200,202,80,538
203,203,81,538
204,204,82,538
205,205,83,538
206,206,84,538
207,207,85,538
208,211,86,538
212,212,87,538
213,213,88,538
214,216,89,538
217,218,90,538
219,219,91,538
220,220,92,538
221,221,93,538
222,222,94,538
223,224,95,538
225,225,96,538
226,226,97,538
227,231,98,538
232,234,99,538
235,236,100,538
237,237,101,538
238,238,102,538
239,239,103,538
240,240,104,538
241,241,105,538
242,242,106,538
243,243,107,538
244,244,108,538
245,245,109,538
246,246,110,538
247,248,111,538
249,249,112,538
250,256,113,538
257,257,114,538
258,258,115,538
259,259,116,538
260,266,117,538
267,267,118,538
268,268,119,538
269,269,120,538
270,270,121,538
271,273,122,538
274,274,123,538
275,275,124,538
276,276,125,538
277,281,126,538
282,282,127,538
283,283,128,538
284,284,129,538
285,285,130,538
286,289,131,538
290,292,132,538
293,293,133,538
294,294,134,538
295,295,135,538
296,296,136,538
297,298,137,538
299,300,138,538
301,311,139,538
312,330,140,538
331,339,141,538
340,341,142,538
342,349,143,538
350,350,144,538
351,351,145,538
352,355,146,538
356,356,147,538
357,359,148,538
360,364,149,538
365,368,150,538
369,371,151,538
372,373,152,538
374,378,153,538
379,384,154,538
385,390,155,538
391,393,156,538
394,394,157,538
395,413,158,538
414,414,159,538
415,415,160,538
416,418,161,538
419,419,162,538
420,475,163,538
476,476,164,538
477,477,165,538
478,479,166,538
480,485,167,538
486,488,168,538
489,559,169,538
560,571,170,538
572,572,171,538
573,607,172,538
608,608,173,538
609,610,174,538
611,611,175,538
612,614,176,538
615,620,177,538
621,621,178,538
622,630,179,538
631,647,180,538
648,659,181,538
660,702,182,538
703,709,183,538
710,711,184,538
712,714,185,538
715,716,186,538
717,719,187,538
720,723,188,538
724,724,189,538
725,727,190,538
728,728,191,538
729,735,192,538
736,738,193,538
739,740,194,538
741,741,195,538
742,745,196,538
746,746,197,538
747,747,198,538
748,748,199,538
749,749,200,538
750,753,201,538
754,754,202,538
755,757,203,538
758,758,204,538
759,760,205,538
761,763,206,538
764,767,207,538
768,768,208,538
769,769,209,538
770,780,210,538
781,781,211,538
782,796,212,538
797,799,213,538
800,801,214,538
802,806,215,538
807,807,216,538
808,809,217,538
810,814,218,538
815,815,219,538
816,816,220,538
817,819,221,538
820,820,222,538
821,823,223,538
824,825,224,538
826,826,225,538
827,828,226,538
829,838,227,538
839,839,228,538
840,901,229,538
902,924,230,538
925,925,231,538
926,939,232,538
940,940,233,538
941,941,234,538
942,942,235,538
943,946,236,538
947,947,237,538
948,957,238,538
958,966,239,538
967,975,240,538
976,979,241,538
980,980,242,538
981,982,243,538
983,983,244,538
984,984,245,538
985,1015,246,538
1016,1033,247,538
1034,1036,248,538
1037,1055,249,538
1056,1079,250,538
1080,1082,251,538
1083,1095,252,538
1096,1099,253,538
1100,1100,254,538
1101,1104,255,538
1105,1107,256,538
1108,1110,257,538
1111,1134,258,538
1135,1141,259,538
1142,1160,260,538
1161,1297,261,538
1298,1373,262,538
1374,1374,263,538
1375,1524,264,538
1525,1536,265,538
1537,1537,266,538
1,3,1,552
4,14,2,552
15,36,3,552
37,37,4,552
38,43,5,552
44,56,6,552
57,59,7,552
60,68,8,552
69,71,9,552
72,107,10,552
108,115,11,552
116,116,12,552
117,129,13,552
130,154,14,552
155,159,15,552
160,167,16,552
168,170,17,552
171,173,18,552
174,182,19,552
183,227,20,552
228,268,21,552
269,301,22,552
302,306,23,552
307,307,24,552
308,312,25,552
313,338,26,552
339,339,27,552
340,364,28,552
365,365,29,552
366,406,30,552
407,434,31,552
435,465,32,552
466,475,33,552
476,484,34,552
485,523,35,552
524,534,36,552
535,541,37,552
542,542,38,552
543,543,39,552
544,552,40,552
553,557,41,552
558,643,42,552
644,644,43,552
645,676,44,552
677,695,45,552
696,719,46,552
720,736,47,552
737,737,48,552
738,755,49,552
756,770,50,552
771,783,51,552
784,798,52,552
799,814,53,552
815,825,54,552
826,826,55,552
827,833,56,552
834,835,57,552
836,837,58,552
838,913,59,552
914,914,60,552
915,962,61,552
963,963,62,552
964,983,63,552
984,985,64,552
986,986,65,552
987,1004,66,552
1005,1006,67,552
1007,1009,68,552
1010,1010,69,552
1011,1015,70,552
1016,1016,71,552
1017,1018,72,552
1019,1031,73,552
1032,1033,74,552
1034,1041,75,552
1042,1078,76,552
1079,1079,77,552
1080,1084,78,552
1085,1119,79,552
1120,1148,80,552
1149,1151,81,552
1152,1225,82,552
1226,1268,83,552
1269,1270,84,552
1271,1283,85,552
1284,1308,86,552
1309,1314,87,552
1315,1359,88,552
1360,1365,89,552
1,1,1,560
2,10,2,560
11,11,3,560
12,32,4,560
33,39,5,560
40,41,6,560
42,48,7,560
49,49,8,560
50,50,9,560
51,52,10,560
53,53,11,560
54,55,12,560
56,60,13,560
61,61,14,560
62,63,15,560
64,65,16,560
66,67,17,560
68,69,18,560
70,85,19,560
86,105,20,560
106,106,21,560
107,114,22,560
115,118,23,560
119,142,24,560
143,146,25,560
147,152,26,560
153,160,27,560
161,165,28,560
166,166,29,560
167,183,30,560
184,197,31,560
198,213,32,560
214,223,33,560
224,224,34,560
225,227,35,560
228,234,36,560
235,243,37,560
244,267,38,560
268,272,39,560
273,369,40,560
370,373,41,560
374,431,42,560
432,432,43,560
433,488,44,560
489,596,45,560
597,727,46,560
728,776,47,560
777,790,48,560
791,791,49,560
792,797,50,560
798,859,51,560
860,889,52,560
890,901,53,560
902,914,54,560
915,923,55,560
924,939,56,560
940,951,57,560
952,952,58,560
953,955,59,560
956,963,60,560
964,980,61,560
981,983,62,560
984,984,63,560
985,985,64,560
986,1017,65,560
1018,1022,66,560
1023,1039,67,560
1040,1041,68,560
1042,1115,69,560
1116,1117,70,560
1118,1220,71,560
1221,1236,72,560
1237,1250,73,560
1251,1265,74,560
1266,1266,75,560
1267,1274,76,560
1275,1287,77,560
1288,1302,78,560
1303,1324,79,560
1325,1325,80,560
1326,1402,81,560
1403,1417,82,560
1418,1419,83,560
1420,1448,84,560
1449,1452,85,560
1453,1476,86,560
1477,1492,87,560
1493,1500,88,560
1501,1509,89,560
1510,1533,90,560
1534,1535,91,560
1536,1536,92,560
1537,1586,93,560
1587,1591,94,560
1592,1597,95,560
1598,1598,96,560
1599,1599,97,560
1600,1621,98,560
1622,1641,99,560
1642,1642,100,560
1643,1645,101,560
1646,1662,102,560
1663,1670,103,560
1671,1671,104,560
1672,1696,105,560
1697,1697,106,560
1698,1706,107,560
1707,1715,108,560
1716,1741,109,560
1742,1772,110,560
1773,1783,111,560
1784,1784,112,560
1,1,1,629
2,17,2,629
18,21,3,629
22,42,4,629
43,116,5,629
117,124,6,629
125,149,7,629
150,212,8,629
213,233,9,629
234,237,10,629
238,392,11,629
393,397,12,629
398,401,13,629
402,403,14,629
404,404,15,629
405,473,16,629
474,475,17,629
476,517,18,629
518,541,19,629
542,577,20,629
578,677,21,629
678,719,22,629
720,788,23,629
789,789,24,629
790,811,25,629
812,845,26,629
846,864,27,629
865,885,28,629
886,890,29,629
891,891,30,629
892,911,31,629
912,1091,32,629
1092,1126,33,629
1127,1130,34,629
1131,1132,35,629
1133,1143,36,629
1144,1144,37,629
1,11,1,640
12,39,2,640
40,41,3,640
42,48,4,640
49,50,5,640
51,55,6,640
56,56,7,640
57,68,8,640
69,87,9,640
88,318,10,640
319,428,11,640
429,496,12,640
497,517,13,640
518,535,14,640
536,537,15,640
538,542,16,640
543,544,17,640
545,545,18,640
546,559,19,640
560,655,20,640
656,661,21,640
662,685,22,640
686,686,23,640
687,701,24,640
702,706,25,640
707,715,26,640
716,716,27,640
717,722,28,640
723,723,29,640
724,733,30,640
734,734,31,640
735,741,32,640
742,746,33,640
747,747,34,640
748,750,35,640
751,751,36,640
752,756,37,640
757,758,38,640
759,761,39,640
762,769,40,640
770,784,41,640
785,842,42,640
843,843,43,640
844,854,44,640
855,859,45,640
860,878,46,640
879,880,47,640
881,881,48,640
882,882,49,640
883,884,50,640
885,895,51,640
896,925,52,640
926,930,53,640
931,959,54,640
960,1004,55,640
1005,1008,56,640
1009,1050,57,640
1051,1056,58,640
1057,1058,59,640
1059,1059,60,640
1060,1071,61,640
1072,1090,62,640
1091,1091,63,640
1092,1092,64,640
1093,1096,65,640
1097,1099,66,640
1100,1100,67,640
1101,1129,68,640
1130,1132,69,640
1,7,1,677
8,26,2,677
27,39,3,677
40,40,4,677
41,53,5,677
54,56,6,677
57,64,7,677
65,66,8,677
67,71,9,677
72,77,10,677
78,78,11,677
79,91,12,677
92,94,13,677
95,112,14,677
113,114,15,677
115,117,16,677
118,119,17,677
120,128,18,677
129,131,19,677
132,140,20,677
141,145,21,677
146,149,22,677
150,162,23,677
163,164,24,677
165,176,25,677
177,186,26,677
187,190,27,677
191,205,28,677
206,223,29,677
224,225,30,677
226,231,31,677
232,232,32,677
233,238,33,677
239,239,34,677
240,244,35,677
245,250,36,677
251,252,37,677
253,280,38,677
281,285,39,677
286,286,40,677
287,293,41,677
294,317,42,677
318,318,43,677
319,320,44,677
321,333,45,677
334,339,46,677
340,341,47,677
342,342,48,677
343,349,49,677
350,351,50,677
352,361,51,677
362,369,52,677
370,381,53,677
382,382,54,677
383,393,55,677
394,396,56,677
397,410,57,677
411,418,58,677
419,427,59,677
428,458,60,677
459,460,61,677
461,461,62,677
462,464,63,677
465,469,64,677
470,476,65,677
477,483,66,677
484,484,67,677
485,489,68,677
490,491,69,677
492,509,70,677
510,511,71,677
512,583,72,677
584,587,73,677
588,591,74,677
592,593,75,677
594,594,76,677
595,595,77,677
596,636,78,677
637,637,79,677
638,660,80,677
661,664,81,677
665,665,82,677
1,4,1,707
5,5,2,707
6,35,3,707
36,63,4,707
64,64,5,707
65,66,6,707
67,77,7,707
78,93,8,707
94,185,9,707
186,186,10,707
187,190,11,707
191,191,12,707
192,213,13,707
214,226,14,707
227,286,15,707
287,287,16,707
288,292,17,707
293,294,18,707
295,310,19,707
311,311,20,707
312,343,21,707
344,420,22,707
421,423,23,707
424,495,24,707
496,501,25,707
502,522,26,707
523,569,27,707
570,581,28,707
582,726,29,707
727,782,30,707
783,788,31,707
789,836,32,707
837,863,33,707
864,866,34,707
867,870,35,707
871,873,36,707
874,903,37,707
904,916,38,707
917,917,39,707
918,966,40,707
967,967,41,707
968,970,42,707
971,1088,43,707
1089,1095,44,707
1096,1155,45,707
1156,1170,46,707
1171,1240,47,707
1241,1241,48,707
1242,1242,49,707
1243,1287,50,707
1288,1307,51,707
1308,1360,52,707
1361,1419,53,707
1420,1461,54,707
1462,1482,55,707
1483,1499,56,707
1500,1507,57,707
1508,1510,58,707
1511,1540,59,707
1541,1543,60,707
1544,1712,61,707
1713,2024,62,707
2025,2065,63,707
2066,2066,64,707
2067,2078,65,707
2079,2082,66,707
2083,2134,67,707
2135,2135,68,707
1,3,1,734
4,7,2,734
8,8,3,734
9,16,4,734
17,72,5,734
73,73,6,734
74,74,7,734
75,78,8,734
79,80,9,734
81,82,10,734
83,84,11,734
85,98,12,734
99,109,13,734
110,113,14,734
114,115,15,734
116,116,16,734
117,121,17,734
122,129,18,734
130,189,19,734
190,190,20,734
191,258,21,734
259,262,22,734
263,281,23,734
282,282,24,734
283,288,25,734
289,328,26,734
329,336,27,734
337,337,28,734
338,393,29,734
394,394,30,734
395,402,31,734
403,449,32,734
450,467,33,734
468,469,34,734
470,470,35,734
471,472,36,734
473,483,37,734
484,484,38,734
485,497,39,734
498,549,40,734
550,613,41,734
614,617,42,734
618,681,43,734
682,726,44,734
727,727,45,734
728,788,46,734
789,790,47,734
791,876,48,734
877,960,49,734
961,968,50,734
969,982,51,734
983,996,52,734
997,1001,53,734
1002,1004,54,734
1005,1005,55,734
1006,1066,56,734
1067,1093,57,734
1094,1147,58,734
1148,1148,59,734
1149,1158,60,734
1159,1159,61,734
1160,1160,62,734
1161,1178,63,734
1179,1179,64,734
1180,1180,65,734
1181,1222,66,734
1223,1223,67,734
1224,1224,68,734
1225,1236,69,734
1237,1246,70,734
1247,1252,71,734
1253,1268,72,734
1269,1279,73,734
1280,1280,74,734
1281,1296,75,734
1297,1337,76,734
1338,1340,77,734
1341,1352,78,734
1353,1353,79,734
1354,1359,80,734
1360,1362,81,734
1363,1375,82,734
1376,1380,83,734
1381,1383,84,734
1384,1384,85,734
1385,1386,86,734
1387,1387,87,734
1388,1392,88,734
1393,1395,89,734
1396,1396,90,734
1397,1398,91,734
1399,1399,92,734
1400,1402,93,734
1403,1403,94,734
1404,1404,95,734
1405,1408,96,734
1409,1410,97,734
1411,1411,98,734
1412,1422,99,734
1423,1423,100,734
1424,1437,101,734
1438,1441,102,734
1442,1443,103,734
1,1,1,799
2,5,2,799
6,20,3,799
21,22,4,799
23,28,5,799
29,42,6,799
43,44,7,799
45,59,8,799
60,80,9,799
81,90,10,799
91,101,11,799
102,103,12,799
104,104,13,799
105,105,14,799
106,106,15,799
107,107,16,799
108,108,17,799
109,109,18,799
110,110,19,799
111,111,20,799
112,119,21,799
120,126,22,799
127,130,23,799
131,131,24,799
132,152,25,799
153,153,26,799
154,158,27,799
159,182,28,799
183,186,29,799
187,247,30,799
248,251,31,799
252,252,32,799
253,256,33,799
257,258,34,799
259,259,35,799
260,260,36,799
261,261,37,799
262,263,38,799
264,264,39,799
265,265,40,799
266,266,41,799
267,271,42,799
272,277,43,799
278,279,44,799
280,285,45,799
286,291,46,799
292,293,47,799
294,298,48,799
299,303,49,799
304,304,50,799
305,313,51,799
314,314,52,799
315,353,53,799
354,354,54,799
355,356,55,799
357,358,56,799
359,359,57,799
360,365,58,799
366,366,59,799
367,368,60,799
369,373,61,799
374,374,62,799
375,385,63,799
386,388,64,799
389,390,65,799
391,393,66,799
394,396,67,799
397,398,68,799
399,404,69,799
405,416,70,799
417,417,71,799
418,419,72,799
420,425,73,799
426,436,74,799
437,462,75,799
463,464,76,799
465,466,77,799
467,482,78,799
483,500,79,799
501,512,80,799
513,513,81,799
514,536,82,799
537,551,83,799
552,552,84,799
553,553,85,799
554,554,86,799
555,562,87,799
563,578,88,799
579,580,89,799
581,581,90,799
582,595,91,799
596,610,92,799
611,615,93,799
616,625,94,799
626,626,95,799
627,627,96,799
628,628,97,799
629,633,98,799
634,635,99,799
636,636,100,799
637,646,101,799
647,651,102,799
652,654,103,799
655,659,104,799
660,702,105,799
703,703,106,799
704,742,107,799
743,744,108,799
745,745,109,799
746,747,110,799
748,751,111,799
752,752,112,799
753,753,113,799
754,759,114,799
760,761,115,799
762,763,116,799
764,764,117,799
765,787,118,799
788,792,119,799
793,793,120,799
794,795,121,799
796,796,122,799
797,809,123,799
810,817,124,799
818,818,125,799
819,823,126,799
824,829,127,799
830,831,128,799
832,837,129,799
838,858,130,799
859,859,131,799
860,887,132,799
888,888,133,799
889,889,134,799
890,890,135,799
891,894,136,799
895,917,137,799
918,939,138,799
940,942,139,799
943,949,140,799
950,954,141,799
955,956,142,799
957,960,143,799
961,979,144,799
980,981,145,799
982,993,146,799
994,995,147,799
996,996,148,799
997,997,149,799
998,1000,150,799
1001,1009,151,799
1010,1010,152,799
1011,1011,153,799
1012,1012,154,799
1013,1050,155,799
1051,1054,156,799
1055,1055,157,799
1056,1056,158,799
1057,1069,159,799
1070,1070,160,799
1071,1073,161,799
1074,1074,162,799
1075,1075,163,799
1076,1077,164,799
1078,1078,165,799
1079,1079,166,799
1080,1081,167,799
1082,1087,168,799
1088,1089,169,799
1090,1093,170,799
1094,1095,171,799
1096,1096,172,799
1097,1097,173,799
1098,1098,174,799
1099,1101,175,799
1102,1134,176,799
1135,1139,177,799
1140,1148,178,799
1149,1158,179,799
1159,1168,180,799
1169,1176,181,799
1177,1177,182,799
1178,1185,183,799
1186,1186,184,799
1187,1187,185,799
1188,1192,186,799
1193,1193,187,799
1194,1200,188,799
1201,1202,189,799
1203,1212,190,799
1213,1232,191,799
1233,1237,192,799
1238,1251,193,799
1252,1254,194,799
1255,1268,195,799
1269,1273,196,799
1274,1276,197,799
1277,1310,198,799
1311,1321,199,799
1322,1322,200,799
1323,1334,201,799
1335,1407,202,799
1408,1438,203,799
1439,1440,204,799
1441,1444,205,799
1445,1446,206,799
1447,1447,207,799
1448,1466,208,799
1467,1469,209,799
1470,1473,210,799
1474,1479,211,799
1480,1481,212,799
1482,1487,213,799
1488,1488,214,799
1,7,1,800
8,13,2,800
14,48,3,800
49,49,4,800
50,50,5,800
51,71,6,800
72,72,7,800
73,73,8,800
74,76,9,800
77,89,10,800
90,99,11,800
100,130,12,800
131,132,13,800
133,156,14,800
157,159,15,800
160,188,16,800
189,198,17,800
199,209,18,800
210,210,19,800
211,238,20,800
239,239,21,800
240,256,22,800
257,261,23,800
262,272,24,800
273,276,25,800
277,290,26,800
291,291,27,800
292,292,28,800
293,367,29,800
368,378,30,800
379,380,31,800
381,395,32,800
396,463,33,800
464,507,34,800
508,518,35,800
519,553,36,800
554,560,37,800
561,614,38,800
615,616,39,800
617,645,40,800
646,656,41,800
657,710,42,800
711,720,43,800
721,776,44,800
777,804,45,800
805,814,46,800
815,836,47,800
837,907,48,800
908,908,49,800
909,912,50,800
913,975,51,800
976,1050,52,800
1051,1064,53,800
1065,1069,54,800
1070,1070,55,800
1,3,1,809
4,6,2,809
7,7,3,809
8,11,4,809
12,15,5,809
16,24,6,809
25,54,7,809
55,76,8,809
77,98,9,809
99,107,10,809
108,127,11,809
128,136,12,809
137,137,13,809
138,142,14,809
143,190,15,809
191,209,16,809
210,232,17,809
233,258,18,809
259,260,19,809
261,286,20,809
287,292,21,809
293,298,22,809
299,304,23,809
305,309,24,809
310,336,25,809
337,340,26,809
341,343,27,809
344,345,28,809
346,349,29,809
350,359,30,809
360,363,31,809
364,383,32,809
384,384,33,809
385,385,34,809
386,401,35,809
402,415,36,809
416,464,37,809
465,474,38,809
475,477,39,809
478,478,40,809
479,508,41,809
509,545,42,809
546,547,43,809
548,557,44,809
558,610,45,809
611,649,46,809
650,840,47,809
841,850,48,809
851,889,49,809
890,921,50,809
922,923,51,809
924,934,52,809
935,940,53,809
941,982,54,809
983,983,55,809
984,1039,56,809
1040,1072,57,809
1073,1073,58,809
1074,1086,59,809
1087,1099,60,809
1100,1103,61,809
1104,1110,62,809
1111,1112,63,809
1113,1127,64,809
1128,1131,65,809
1132,1193,66,809
1194,1196,67,809
1197,1204,68,809
1205,1215,69,809
1216,1220,70,809
1221,1230,71,809
1231,1234,72,809
1235,1243,73,809
1244,1255,74,809
1256,1288,75,809
1289,1289,76,809
1290,1311,77,809
1312,1329,78,809
1330,1342,79,809
1343,1344,80,809
1345,1347,81,809
1348,1409,82,809
1410,1415,83,809
1416,1416,84,809
1417,1430,85,809
1431,1496,86,809
1497,1504,87,809
1505,1511,88,809
1512,1514,89,809
1515,1605,90,809
1606,1616,91,809
1617,1633,92,809
1634,1634,93,809
1635,1637,94,809
1638,1653,95,809
1654,1663,96,809
1664,1700,97,809
1701,1701,98,809
1702,1703,99,809
1704,1711,100,809
1712,1713,101,809
1714,1724,102,809
1725,1726,103,809
1727,1743,104,809
1744,1768,105,809
1769,1773,106,809
1774,1797,107,809
1798,1809,108,809
1810,1829,109,809
1830,1830,110,809
1831,1834,111,809
1835,1858,112,809
1859,1864,113,809
1865,1922,114,809
1923,1932,115,809
1933,1941,116,809
1942,1955,117,809
1956,1970,118,809
1971,1983,119,809
1984,2046,120,809
2047,2079,121,809
2080,2087,122,809
2088,2091,123,809
2092,2101,124,809
2102,2148,125,809
2149,2149,126,809
2150,2150,127,809
2151,2151,128,809
1,1,1,813
2,2,2,813
3,18,3,813
19,19,4,813
20,66,5,813
67,104,6,813
105,135,7,813
136,148,8,813
149,158,9,813
159,181,10,813
182,201,11,813
202,214,12,813
215,222,13,813
223,246,14,813
247,287,15,813
288,292,16,813
293,300,17,813
301,304,18,813
305,327,19,813
328,333,20,813
334,341,21,813
342,362,22,813
363,390,23,813
391,395,24,813
396,404,25,813
405,407,26,813
408,408,27,813
409,415,28,813
416,449,29,813
450,450,30,813
451,518,31,813
519,519,32,813
520,520,33,813
521,521,34,813
522,526,35,813
527,537,36,813
538,538,37,813
539,541,38,813
542,542,39,813
543,564,40,813
565,568,41,813
569,573,42,813
574,601,43,813
602,602,44,813
603,603,45,813
604,604,46,813
605,605,47,813
606,617,48,813
618,618,49,813
619,624,50,813
625,644,51,813
645,665,52,813
666,666,53,813
667,678,54,813
679,701,55,813
702,703,56,813
704,712,57,813
713,719,58,813
720,736,59,813
737,793,60,813
794,835,61,813
836,836,62,813
837,857,63,813
858,858,64,813
859,908,65,813
909,937,66,813
938,938,67,813
939,947,68,813
948,1008,69,813
1009,1030,70,813
1031,1152,71,813
1153,1153,72,813
1154,1171,73,813
1172,1173,74,813
1174,1267,75,813
1268,1268,76,813
1269,1273,77,813
1274,1289,78,813
1290,1326,79,813
1327,1370,80,813
1371,1427,81,813
1428,1477,82,813
1478,1484,83,813
1485,1494,84,813
1495,1501,85,813
1502,1523,86,813
1524,1537,87,813
1538,1540,88,813
1541,1545,89,813
1546,1571,90,813
1572,1593,91,813
1594,1623,92,813
1624,1626,93,813
1627,1632,94,813
1633,1745,95,813
1746,1769,96,813
1770,1780,97,813
1781,1802,98,813
1803,1804,99,813
1805,1837,100,813
1838,1839,101,813
1840,1853,102,813
1854,1926,103,813
1927,1978,104,813
1979,1992,105,813
1993,2013,106,813
1,1,1,817
2,7,2,817
8,8,3,817
9,9,4,817
10,21,5,817
22,59,6,817
60,60,7,817
61,70,8,817
71,73,9,817
74,85,10,817
86,87,11,817
88,92,12,817
93,95,13,817
96,116,14,817
117,117,15,817
118,118,16,817
119,150,17,817
151,152,18,817
153,155,19,817
156,171,20,817
172,172,21,817
173,198,22,817
199,199,23,817
200,206,24,817
207,209,25,817
210,213,26,817
214,214,27,817
215,217,28,817
218,218,29,817
219,219,30,817
220,225,31,817
226,226,32,817
227,228,33,817
229,230,34,817
231,234,35,817
235,241,36,817
242,252,37,817
253,257,38,817
258,274,39,817
275,289,40,817
290,294,41,817
295,295,42,817
296,298,43,817
299,305,44,817
306,309,45,817
310,314,46,817
315,316,47,817
317,324,48,817
325,329,49,817
330,331,50,817
332,333,51,817
334,340,52,817
341,344,53,817
345,351,54,817
352,356,55,817
357,357,56,817
358,364,57,817
365,368,58,817
369,370,59,817
371,371,60,817
372,380,61,817
381,394,62,817
395,395,63,817
396,405,64,817
406,409,65,817
410,410,66,817
411,411,67,817
412,414,68,817
415,415,69,817
416,416,70,817
417,417,71,817
418,420,72,817
421,421,73,817
422,425,74,817
426,429,75,817
430,434,76,817
435,437,77,817
438,438,78,817
439,441,79,817
442,447,80,817
448,449,81,817
450,451,82,817
452,453,83,817
454,458,84,817
459,462,85,817
463,467,86,817
468,489,87,817
490,492,88,817
493,503,89,817
504,524,90,817
525,529,91,817
530,546,92,817
547,547,93,817
548,549,94,817
550,554,95,817
555,562,96,817
563,579,97,817
580,583,98,817
584,588,99,817
589,590,100,817
591,643,101,817
644,646,102,817
647,655,103,817
656,659,104,817
660,665,105,817
666,667,106,817
668,707,107,817
708,737,108,817
738,741,109,817
742,742,110,817
743,764,111,817
765,766,112,817
767,784,113,817
785,785,114,817
786,808,115,817
809,811,116,817
812,822,117,817
823,823,118,817
824,825,119,817
826,828,120,817
829,830,121,817
831,833,122,817
834,843,123,817
844,856,124,817
857,909,125,817
910,923,126,817
924,925,127,817
926,970,128,817
971,972,129,817
973,974,130,817
975,976,131,817
977,977,132,817
978,984,133,817
985,987,134,817
988,990,135,817
991,1011,136,817
1012,1015,137,817
1016,1025,138,817
1026,1031,139,817
1032,1033,140,817
1034,1048,141,817
1049,1050,142,817
1051,1059,143,817
1060,1062,144,817
1063,1065,145,817
1066,1069,146,817
1070,1071,147,817
1072,1073,148,817
1074,1074,149,817
1075,1075,150,817
1076,1076,151,817
1077,1078,152,817
1079,1081,153,817
1082,1083,154,817
1084,1092,155,817
1093,1093,156,817
1094,1095,157,817
1096,1106,158,817
1107,1108,159,817
1109,1115,160,817
1116,1116,161,817
1117,1125,162,817
1126,1127,163,817
1128,1133,164,817
1134,1141,165,817
1142,1147,166,817
1148,1182,167,817
1183,1215,168,817
1216,1216,169,817
1217,1217,170,817
1218,1239,171,817
1240,1240,172,817
1241,1246,173,817
1247,1247,174,817
1248,1254,175,817
1255,1257,176,817
1258,1258,177,817
1259,1263,178,817
1264,1264,179,817
1265,1268,180,817
1269,1277,181,817
1278,1279,182,817
1280,1300,183,817
1301,1301,184,817
1302,1304,185,817
1305,1308,186,817
1309,1321,187,817
1322,1324,188,817
1325,1342,189,817
1343,1376,190,817
1377,1377,191,817
1378,1385,192,817
1386,1388,193,817
1389,1394,194,817
1395,1396,195,817
1397,1417,196,817
1418,1419,197,817
1420,1438,198,817
1439,1439,199,817
1440,1442,200,817
1443,1447,201,817
1448,1854,202,817
1855,1872,203,817
1873,1879,204,817
1880,1884,205,817
1885,1893,206,817
1894,1894,207,817
1895,1898,208,817
1899,1908,209,817
1909,1917,210,817
1918,1925,211,817
1926,1950,212,817
1951,1953,213,817
1954,1963,214,817
1964,1971,215,817
1972,1976,216,817
1977,1980,217,817
1981,1983,218,817
1984,1999,219,817
2000,2000,220,817
2001,2012,221,817
2013,2016,222,817
2017,2019,223,817
2020,2020,224,817
2021,2021,225,817
2022,2022,226,817
2023,2031,227,817
2032,2034,228,817
2035,2036,229,817
2037,2040,230,817
2041,2042,231,817
2043,2043,232,817
2044,2046,233,817
2047,2048,234,817
2049,2050,235,817
2051,2051,236,817
2052,2053,237,817
2054,2055,238,817
2056,2057,239,817
2058,2061,240,817
2062,2063,241,817
2064,2064,242,817
2065,2074,243,817
2075,2084,244,817
2085,2096,245,817
2097,2101,246,817
2102,2105,247,817
2106,2117,248,817
2118,2120,249,817
2121,2122,250,817
2123,2124,251,817
2125,2132,252,817
2133,2148,253,817
2149,2154,254,817
2155,2156,255,817
2157,2170,256,817
2171,2180,257,817
2181,2183,258,817
2184,2197,259,817
2198,2217,260,817
2218,2279,261,817
2280,2315,262,817
2316,2327,263,817
2328,2444,264,817
2445,2447,265,817
2448,2448,266,817
2449,2450,267,817
2451,2451,268,817
2452,2455,269,817
2456,2456,270,817
2457,2470,271,817
2471,2473,272,817
2474,2491,273,817
2492,2495,274,817
2496,2496,275,817
2497,2497,276,817
2498,2498,277,817
2499,2499,278,817
2500,2501,279,817
2502,2503,280,817
2504,2505,281,817
2506,2512,282,817
2513,2516,283,817
2517,2526,284,817
2527,2533,285,817
2534,2535,286,817
2536,2541,287,817
2542,2543,288,817
2544,2548,289,817
2549,2561,290,817
2562,2565,291,817
2566,2566,292,817
2567,2570,293,817
2571,2572,294,817
2573,2575,295,817
2576,2620,296,817
2621,2626,297,817
2627,2664,298,817
2665,2687,299,817
2688,2726,300,817
2727,2731,301,817
2732,2733,302,817
2734,2734,303,817
2735,2738,304,817
2739,2740,305,817
2741,2743,306,817
2744,2744,307,817
2745,2749,308,817
2750,2761,309,817
1,3,1,829
4,8,2,829
9,18,3,829
19,19,4,829
20,20,5,829
21,21,6,829
22,26,7,829
27,29,8,829
30,41,9,829
42,51,10,829
52,60,11,829
61,64,12,829
65,78,13,829
79,79,14,829
80,80,15,829
81,102,16,829
103,117,17,829
118,123,18,829
124,126,19,829
127,133,20,829
134,146,21,829
147,153,22,829
154,175,23,829
176,196,24,829
197,197,25,829
198,198,26,829
199,200,27,829
201,225,28,829
226,227,29,829
228,228,30,829
229,244,31,829
245,248,32,829
249,273,33,829
274,280,34,829
281,283,35,829
284,305,36,829
306,331,37,829
332,332,38,829
333,350,39,829
351,361,40,829
362,374,41,829
375,378,42,829
379,399,43,829
400,401,44,829
402,406,45,829
407,409,46,829
410,411,47,829
412,412,48,829
413,434,49,829
435,435,50,829
436,450,51,829
451,454,52,829
455,458,53,829
459,461,54,829
462,466,55,829
467,488,56,829
489,514,57,829
515,515,58,829
516,516,59,829
517,517,60,829
518,518,61,829
519,552,62,829
553,554,63,829
555,570,64,829
571,578,65,829
579,607,66,829
608,612,67,829
613,635,68,829
636,636,69,829
637,638,70,829
639,639,71,829
640,653,72,829
654,659,73,829
660,669,74,829
670,670,75,829
671,682,76,829
683,703,77,829
704,704,78,829
705,708,79,829
709,750,80,829
751,757,81,829
758,776,82,829
777,782,83,829
783,793,84,829
794,799,85,829
800,800,86,829
801,803,87,829
804,817,88,829
818,818,89,829
819,819,90,829
820,823,91,829
824,831,92,829
832,833,93,829
834,834,94,829
835,835,95,829
836,838,96,829
839,839,97,829
840,840,98,829
841,841,99,829
842,844,100,829
845,845,101,829
846,847,102,829
848,848,103,829
849,866,104,829
867,872,105,829
873,873,106,829
874,895,107,829
896,900,108,829
901,952,109,829
953,954,110,829
955,955,111,829
956,957,112,829
958,971,113,829
972,972,114,829
973,985,115,829
986,997,116,829
998,1018,117,829
1019,1019,118,829
1020,1023,119,829
1024,1024,120,829
1025,1061,121,829
1062,1062,122,829
1063,1069,123,829
1070,1097,124,829
1098,1098,125,829
1099,1099,126,829
1100,1100,127,829
1101,1102,128,829
1103,1103,129,829
1104,1107,130,829
1108,1110,131,829
1111,1111,132,829
1112,1122,133,829
1123,1123,134,829
1124,1125,135,829
1126,1126,136,829
1127,1127,137,829
1128,1128,138,829
1129,1129,139,829
1130,1130,140,829
1131,1131,141,829
1132,1148,142,829
1149,1163,143,829
1164,1176,144,829
1177,1177,145,829
1,3,1,854
4,6,2,854
7,7,3,854
8,8,4,854
9,13,5,854
14,15,6,854
16,16,7,854
17,18,8,854
19,22,9,854
23,35,10,854
36,46,11,854
47,47,12,854
48,48,13,854
49,50,14,854
51,67,15,854
68,77,16,854
78,79,17,854
80,80,18,854
81,81,19,854
82,82,20,854
83,83,21,854
84,95,22,854
96,172,23,854
173,194,24,854
195,230,25,854
231,243,26,854
244,248,27,854
249,250,28,854
251,259,29,854
260,261,30,854
262,262,31,854
263,275,32,854
276,339,33,854
340,356,34,854
357,357,35,854
358,358,36,854
359,359,37,854
360,360,38,854
361,383,39,854
384,386,40,854
387,425,41,854
426,469,42,854
470,499,43,854
500,501,44,854
502,502,45,854
503,504,46,854
505,506,47,854
507,507,48,854
508,516,49,854
517,517,50,854
518,526,51,854
527,527,52,854
528,552,53,854
553,558,54,854
559,562,55,854
563,579,56,854
580,586,57,854
587,587,58,854
588,597,59,854
598,601,60,854
602,648,61,854
649,669,62,854
670,682,63,854
683,685,64,854
686,690,65,854
691,692,66,854
693,696,67,854
697,710,68,854
711,722,69,854
723,735,70,854
736,742,71,854
743,760,72,854
761,762,73,854
763,763,74,854
764,781,75,854
782,791,76,854
792,811,77,854
812,831,78,854
832,832,79,854
833,833,80,854
834,834,81,854
835,857,82,854
858,866,83,854
867,867,84,854
868,884,85,854
885,885,86,854
886,915,87,854
916,919,88,854
920,920,89,854
921,922,90,854
923,923,91,854
924,924,92,854
925,926,93,854
927,935,94,854
936,936,95,854
937,954,96,854
955,969,97,854
970,981,98,854
982,1085,99,854
1086,1094,100,854
1095,1098,101,854
1099,1099,102,854
1100,1109,103,854
1110,1111,104,854
1112,1270,105,854
1271,1286,106,854
1287,1287,107,854
1288,1363,108,854
1364,1394,109,854
1395,1422,110,854
1423,1464,111,854
1465,1465,112,854
1466,1474,113,854
1475,1496,114,854
1497,1501,115,854
1502,1548,116,854
1549,1551,117,854
1552,1572,118,854
1573,1574,119,854
1575,1599,120,854
1600,1601,121,854
1602,1613,122,854
1614,1614,123,854
1615,1659,124,854
1660,1668,125,854
1669,1707,126,854
1708,1760,127,854
1761,1769,128,854
1770,1770,129,854
1771,1772,130,854
1773,1773,131,854
1774,1774,132,854
1775,1812,133,854
1813,1813,134,854
1814,1840,135,854
1841,1842,136,854
1843,1846,137,854
1847,1848,138,854
1849,1858,139,854
1859,1861,140,854
1862,1864,141,854
1865,1865,142,854
1866,1869,143,854
1870,1870,144,854
1871,1871,145,854
1872,1873,146,854
1874,1874,147,854
1,2,1,864
3,16,2,864
17,19,3,864
20,27,4,864
28,29,5,864
30,30,6,864
31,31,7,864
32,32,8,864
33,33,9,864
34,41,10,864
42,51,11,864
52,54,12,864
55,63,13,864
64,65,14,864
66,69,15,864
70,72,16,864
73,73,17,864
74,85,18,864
86,88,19,864
89,92,20,864
93,94,21,864
95,101,22,864
102,107,23,864
108,108,24,864
109,114,25,864
115,115,26,864
116,116,27,864
117,120,28,864
121,123,29,864
124,124,30,864
125,126,31,864
127,128,32,864
129,133,33,864
134,141,34,864
142,144,35,864
145,147,36,864
148,148,37,864
149,149,38,864
150,151,39,864
152,152,40,864
153,156,41,864
157,158,42,864
159,159,43,864
160,164,44,864
165,165,45,864
166,171,46,864
172,173,47,864
174,174,48,864
175,175,49,864
176,184,50,864
185,185,51,864
186,186,52,864
187,188,53,864
189,202,54,864
203,208,55,864
209,209,56,864
210,210,57,864
211,211,58,864
212,212,59,864
213,217,60,864
218,218,61,864
219,220,62,864
221,250,63,864
251,251,64,864
252,254,65,864
255,255,66,864
256,257,67,864
258,258,68,864
259,259,69,864
260,284,70,864
285,285,71,864
286,286,72,864
287,289,73,864
290,307,74,864
308,308,75,864
309,314,76,864
315,315,77,864
316,317,78,864
318,322,79,864
323,325,80,864
326,327,81,864
328,347,82,864
348,349,83,864
350,350,84,864
351,376,85,864
377,377,86,864
378,379,87,864
380,380,88,864
381,381,89,864
382,384,90,864
385,385,91,864
386,388,92,864
389,389,93,864
390,390,94,864
391,391,95,864
392,399,96,864
400,400,97,864
401,401,98,864
402,417,99,864
418,425,100,864
426,428,101,864
429,433,102,864
434,436,103,864
437,437,104,864
438,443,105,864
444,444,106,864
445,471,107,864
472,487,108,864
488,495,109,864
496,527,110,864
528,556,111,864
557,586,112,864
587,587,113,864
588,630,114,864
631,632,115,864
633,633,116,864
634,635,117,864
636,646,118,864
647,647,119,864
648,648,120,864
649,655,121,864
656,656,122,864
657,657,123,864
658,658,124,864
659,659,125,864
660,665,126,864
666,666,127,864
667,687,128,864
688,688,129,864
689,689,130,864
690,690,131,864
691,715,132,864
716,755,133,864
756,756,134,864
757,765,135,864
766,766,136,864
767,771,137,864
772,772,138,864
773,778,139,864
779,786,140,864
787,798,141,864
799,808,142,864
809,811,143,864
812,817,144,864
818,824,145,864
825,825,146,864
826,857,147,864
858,872,148,864
873,887,149,864
888,898,150,864
899,899,151,864
900,940,152,864
941,945,153,864
946,964,154,864
965,984,155,864
985,985,156,864
986,1030,157,864
1031,1033,158,864
1034,1044,159,864
1045,1069,160,864
1070,1102,161,864
1103,1107,162,864
1108,1111,163,864
1112,1112,164,864
1113,1115,165,864
1116,1118,166,864
1119,1123,167,864
1124,1126,168,864
1127,1132,169,864
1133,1133,170,864
1134,1136,171,864
1137,1137,172,864
1138,1139,173,864
1140,1141,174,864
1142,1143,175,864
1144,1144,176,864
1145,1146,177,864
1147,1148,178,864
1149,1149,179,864
1150,1152,180,864
1153,1153,181,864
1154,1158,182,864
1159,1159,183,864
1160,1162,184,864
1163,1163,185,864
1164,1168,186,864
1169,1170,187,864
1171,1173,188,864
1174,1174,189,864
1175,1179,190,864
1180,1180,191,864
1181,1192,192,864
1193,1210,193,864
1211,1212,194,864
1213,1213,195,864
1214,1216,196,864
1217,1250,197,864
1,4,1,872
5,5,2,872
6,8,3,872
9,9,4,872
10,26,5,872
27,28,6,872
29,31,7,872
32,63,8,872
64,75,9,872
76,86,10,872
87,93,11,872
94,134,12,872
135,220,13,872
221,229,14,872
230,231,15,872
232,234,16,872
235,237,17,872
238,241,18,872
242,242,19,872
243,244,20,872
245,246,21,872
247,247,22,872
248,248,23,872
249,276,24,872
277,312,25,872
313,330,26,872
331,336,27,872
337,358,28,872
359,432,29,872
433,436,30,872
437,473,31,872
474,552,32,872
553,553,33,872
554,568,34,872
569,630,35,872
631,631,36,872
632,684,37,872
685,703,38,872
704,718,39,872
719,719,40,872
720,745,41,872
746,746,42,872
747,748,43,872
749,749,44,872
750,750,45,872
751,757,46,872
758,760,47,872
761,764,48,872
765,877,49,872
878,879,50,872
880,889,51,872
890,891,52,872
892,893,53,872
894,894,54,872
895,955,55,872
956,958,56,872
959,993,57,872
994,998,58,872
999,1005,59,872
1006,1006,60,872
1007,1046,61,872
1047,1070,62,872
1071,1260,63,872
1261,1308,64,872
1309,1314,65,872
1315,1409,66,872
1410,1471,67,872
1472,1493,68,872
1494,1498,69,872
1499,1500,70,872
1501,1512,71,872
1513,1534,72,872
1535,1538,73,872
1539,1604,74,872
1605,1605,75,872
1606,1628,76,872
1629,1632,77,872
1633,1633,78,872
1634,1639,79,872
1640,1656,80,872
1657,1662,81,872
1663,1726,82,872
1727,1729,83,872
1730,1732,84,872
1733,1747,85,872
1748,1752,86,872
1753,1764,87,872
1765,1773,88,872
1774,1779,89,872
1780,1803,90,872
1804,1826,91,872
1827,1834,92,872
1835,1845,93,872
1846,1870,94,872
1871,1871,95,872
1872,1908,96,872
1909,1921,97,872
1922,1949,98,872
1950,1951,99,872
1952,1969,100,872
1970,2011,101,872
2012,2086,102,872
2087,2087,103,872
2088,2137,104,872
2138,2138,105,872
2139,2141,106,872
2142,2145,107,872
2146,2146,108,872
2147,2147,109,872
2148,2153,110,872
2154,2154,111,872
2155,2157,112,872
2158,2162,113,872
2163,2165,114,872
2166,2166,115,872
2167,2169,116,872
2170,2171,117,872
2172,2177,118,872
2178,2178,119,872
2179,2179,120,872
2180,2180,121,872
2181,2188,122,872
2189,2191,123,872
2192,2201,124,872
2202,2205,125,872
2206,2218,126,872
2219,2255,127,872
2256,2268,128,872
2269,2348,129,872
2349,2357,130,872
2358,2387,131,872
2388,2391,132,872
2392,2392,133,872
2393,2398,134,872
1,4,1,874
5,5,2,874
6,6,3,874
7,25,4,874
26,31,5,874
32,32,6,874
33,37,7,874
38,39,8,874
40,40,9,874
41,41,10,874
42,42,11,874
43,45,12,874
46,46,13,874
47,47,14,874
48,75,15,874
76,80,16,874
81,86,17,874
87,87,18,874
88,93,19,874
94,94,20,874
95,99,21,874
100,100,22,874
101,119,23,874
120,120,24,874
121,121,25,874
122,125,26,874
126,126,27,874
127,146,28,874
147,152,29,874
153,184,30,874
185,187,31,874
188,192,32,874
193,210,33,874
211,230,34,874
231,234,35,874
235,236,36,874
237,237,37,874
238,280,38,874
281,296,39,874
297,298,40,874
299,331,41,874
332,345,42,874
346,348,43,874
349,410,44,874
411,411,45,874
412,412,46,874
413,469,47,874
470,475,48,874
476,478,49,874
479,481,50,874
482,532,51,874
533,573,52,874
574,574,53,874
575,584,54,874
585,585,55,874
586,627,56,874
628,629,57,874
630,650,58,874
651,678,59,874
679,709,60,874
710,714,61,874
715,763,62,874
764,778,63,874
779,815,64,874
816,822,65,874
823,842,66,874
843,845,67,874
846,880,68,874
881,944,69,874
945,968,70,874
969,1045,71,874
1046,1099,72,874
1100,1117,73,874
1118,1130,74,874
1131,1158,75,874
1159,1219,76,874
1220,1319,77,874
1320,1340,78,874
1341,1429,79,874
1430,1512,80,874
1513,1515,81,874
1516,1541,82,874
1542,1551,83,874
1552,1573,84,874
1574,1586,85,874
1587,1608,86,874
1609,1613,87,874
1614,1628,88,874
1629,1630,89,874
1631,1640,90,874
1641,1654,91,874
1655,1656,92,874
1657,1665,93,874
1666,1668,94,874
1669,1674,95,874
1675,1675,96,874
1676,1676,97,874
1677,1677,98,874
1678,1678,99,874
1679,1706,100,874
1707,1707,101,874
1708,1720,102,874
1721,1721,103,874
1722,1732,104,874
1733,1734,105,874
1735,1747,106,874
1748,1749,107,874
1750,1755,108,874
1756,1757,109,874
1758,1792,110,874
1793,1804,111,874
1805,1805,112,874
1806,1806,113,874
1,9,1,897
10,11,2,897
12,13,3,897
14,20,4,897
21,29,5,897
30,30,6,897
31,32,7,897
33,34,8,897
35,35,9,897
36,36,10,897
37,37,11,897
38,38,12,897
39,39,13,897
40,40,14,897
41,43,15,897
44,44,16,897
45,74,17,897
75,76,18,897
77,112,19,897
113,113,20,897
114,125,21,897
126,133,22,897
134,136,23,897
137,141,24,897
142,185,25,897
186,187,26,897
188,268,27,897
269,360,28,897
361,363,29,897
364,413,30,897
414,457,31,897
458,466,32,897
467,515,33,897
516,516,34,897
517,528,35,897
529,546,36,897
547,551,37,897
552,553,38,897
554,589,39,897
590,590,40,897
591,593,41,897
594,596,42,897
597,597,43,897
598,607,44,897
608,622,45,897
623,630,46,897
631,664,47,897
665,665,48,897
666,667,49,897
668,671,50,897
672,755,51,897
756,779,52,897
780,787,53,897
788,793,54,897
794,811,55,897
812,853,56,897
854,983,57,897
984,1013,58,897
1014,1026,59,897
1027,1049,60,897
1050,1063,61,897
1064,1085,62,897
1086,1099,63,897
1100,1111,64,897
1112,1112,65,897
1113,1113,66,897
1114,1127,67,897
1128,1131,68,897
1132,1187,69,897
1188,1189,70,897
1190,1191,71,897
1192,1280,72,897
1281,1287,73,897
1288,1289,74,897
1290,1319,75,897
1320,1326,76,897
1327,1330,77,897
1331,1340,78,897
1341,1341,79,897
1342,1431,80,897
1432,1432,81,897
1433,1435,82,897
1436,1451,83,897
1452,1491,84,897
1492,1493,85,897
1494,1497,86,897
1498,1501,87,897
1502,1503,88,897
1504,1517,89,897
1518,1519,90,897
1520,1525,91,897
1526,1545,92,897
1546,1638,93,897
1639,1639,94,897
1640,1843,95,897
1844,1846,96,897
1847,1850,97,897
1851,1871,98,897
1872,1882,99,897
1883,1912,100,897
1913,1913,101,897
1914,1933,102,897
1934,1935,103,897
1936,1944,104,897
1945,1945,105,897
1946,1955,106,897
1956,1983,107,897
1984,1995,108,897
1996,2001,109,897
2002,2002,110,897
2003,2013,111,897
2014,2042,112,897
2043,2043,113,897
2044,2059,114,897
2060,2069,115,897
2070,2073,116,897
2074,2074,117,897
2075,2082,118,897
2083,2107,119,897
2108,2108,120,897
2109,2110,121,897
2111,2120,122,897
2121,2125,123,897
2126,2139,124,897
2140,2143,125,897
2144,2207,126,897
2208,2257,127,897
2258,2262,128,897
2263,2279,129,897
2280,2283,130,897
2284,2284,131,897
2285,2311,132,897
2312,2315,133,897
2316,2318,134,897
2319,2319,135,897
2320,2324,136,897
2325,2328,137,897
2329,2335,138,897
2336,2339,139,897
2340,2344,140,897
2345,2345,141,897
2346,2352,142,897
2353,2354,143,897
2355,2373,144,897
2374,2376,145,897
2377,2377,146,897
2378,2379,147,897
2380,2383,148,897
2384,2384,149,897
2385,2385,150,897
2386,2387,151,897
2388,2391,152,897
2392,2396,153,897
2397,2405,154,897
2406,2412,155,897
2413,2417,156,897
2418,2418,157,897
2419,2420,158,897
2421,2424,159,897
2425,2442,160,897
2443,2449,161,897
2450,2453,162,897
2454,2457,163,897
2458,2465,164,897
2466,2499,165,897
2500,2512,166,897
2513,2514,167,897
2515,2525,168,897
2526,2527,169,897
2528,2528,170,897
2529,2539,171,897
2540,2544,172,897
2545,2550,173,897
2551,2564,174,897
2565,2662,175,897
2663,2664,176,897
2665,2669,177,897
2670,2671,178,897
2672,2676,179,897
2677,2687,180,897
2688,2709,181,897
2710,2710,182,897
2711,2711,183,897
1,10,1,936
11,12,2,936
13,13,3,936
14,14,4,936
15,15,5,936
16,16,6,936
17,17,7,936
18,18,8,936
19,21,9,936
22,22,10,936
23,26,11,936
27,35,12,936
36,36,13,936
37,40,14,936
41,53,15,936
54,55,16,936
56,61,17,936
62,111,18,936
112,113,19,936
114,123,20,936
124,125,21,936
126,129,22,936
130,138,23,936
139,142,24,936
143,149,25,936
150,160,26,936
161,168,27,936
169,169,28,936
170,170,29,936
171,173,30,936
174,183,31,936
184,193,32,936
194,199,33,936
200,205,34,936
206,219,35,936
220,239,36,936
240,240,37,936
241,257,38,936
258,275,39,936
276,306,40,936
307,334,41,936
335,336,42,936
337,338,43,936
339,346,44,936
347,395,45,936
396,401,46,936
402,408,47,936
409,409,48,936
410,417,49,936
418,421,50,936
422,428,51,936
429,435,52,936
436,440,53,936
441,449,54,936
450,452,55,936
453,469,56,936
470,474,57,936
475,475,58,936
476,480,59,936
481,483,60,936
484,485,61,936
486,488,62,936
489,498,63,936
499,499,64,936
500,506,65,936
507,507,66,936
508,509,67,936
510,512,68,936
513,518,69,936
519,522,70,936
523,528,71,936
529,533,72,936
534,553,73,936
554,562,74,936
563,567,75,936
568,575,76,936
576,595,77,936
596,601,78,936
602,613,79,936
614,626,80,936
627,630,81,936
631,636,82,936
637,652,83,936
653,668,84,936
669,670,85,936
671,673,86,936
674,680,87,936
681,684,88,936
685,694,89,936
695,697,90,936
698,713,91,936
714,718,92,936
719,732,93,936
733,741,94,936
742,748,95,936
749,751,96,936
752,753,97,936
754,755,98,936
756,757,99,936
758,761,100,936
762,772,101,936
773,786,102,936
787,798,103,936
799,822,104,936
823,827,105,936
828,847,106,936
848,854,107,936
855,875,108,936
876,877,109,936
878,890,110,936
891,909,111,936
910,912,112,936
913,917,113,936
918,929,114,936
930,944,115,936
945,949,116,936
950,951,117,936
952,955,118,936
956,959,119,936
960,960,120,936
961,1001,121,936
1002,1007,122,936
1008,1021,123,936
1022,1026,124,936
1027,1033,125,936
1034,1034,126,936
1035,1038,127,936
1039,1039,128,936
1040,1071,129,936
1072,1089,130,936
1090,1090,131,936
1091,1114,132,936
1115,1115,133,936
1116,1116,134,936
1117,1130,135,936
1131,1132,136,936
1133,1143,137,936
1144,1144,138,936
1145,1167,139,936
1168,1186,140,936
1187,1197,141,936
1198,1205,142,936
1206,1208,143,936
1209,1210,144,936
1211,1212,145,936
1,1,1,948
2,22,2,948
23,28,3,948
29,29,4,948
30,55,5,948
56,60,6,948
61,66,7,948
67,72,8,948
73,79,9,948
80,80,10,948
81,116,11,948
117,118,12,948
119,119,13,948
120,123,14,948
124,136,15,948
137,137,16,948
138,166,17,948
167,180,18,948
181,186,19,948
187,190,20,948
191,191,21,948
192,193,22,948
194,194,23,948
195,196,24,948
197,197,25,948
198,218,26,948
219,219,27,948
220,222,28,948
223,235,29,948
236,240,30,948
241,244,31,948
245,256,32,948
257,262,33,948
263,269,34,948
270,278,35,948
279,333,36,948
334,346,37,948
347,349,38,948
350,357,39,948
358,358,40,948
359,363,41,948
364,383,42,948
384,401,43,948
402,411,44,948
412,416,45,948
417,423,46,948
424,427,47,948
428,428,48,948
429,438,49,948
439,445,50,948
446,446,51,948
447,452,52,948
453,457,53,948
458,469,54,948
470,508,55,948
509,509,56,948
510,511,57,948
512,513,58,948
514,516,59,948
517,525,60,948
526,535,61,948
536,538,62,948
539,541,63,948
542,557,64,948
558,559,65,948
560,570,66,948
571,585,67,948
586,588,68,948
589,614,69,948
615,623,70,948
624,629,71,948
630,682,72,948
683,688,73,948
689,717,74,948
718,718,75,948
719,744,76,948
745,777,77,948
778,791,78,948
792,848,79,948
849,850,80,948
851,851,81,948
852,853,82,948
854,854,83,948
855,856,84,948
857,870,85,948
871,873,86,948
874,897,87,948
898,899,88,948
900,904,89,948
905,908,90,948
909,909,91,948
910,910,92,948
911,911,93,948
912,913,94,948
914,914,95,948
915,916,96,948
917,917,97,948
918,918,98,948
919,920,99,948
921,940,100,948
941,944,101,948
945,945,102,948
946,946,103,948
947,947,104,948
948,964,105,948
965,971,106,948
972,973,107,948
974,988,108,948
989,999,109,948
1000,1007,110,948
1008,1009,111,948
1010,1019,112,948
1020,1040,113,948
1041,1064,114,948
1065,1072,115,948
1073,1076,116,948
1077,1077,117,948
1078,1086,118,948
1087,1099,119,948
1100,1100,120,948
1101,1101,121,948
1102,1163,122,948
1164,1165,123,948
1166,1172,124,948
1173,1174,125,948
1175,1177,126,948
1178,1178,127,948
1179,1190,128,948
1191,1192,129,948
1193,1194,130,948
1195,1263,131,948
1264,1270,132,948
1271,1271,133,948
1272,1275,134,948
1276,1287,135,948
1288,1288,136,948
1,15,1,974
16,38,2,974
39,64,3,974
65,182,4,974
183,188,5,974
189,194,6,974
195,204,7,974
205,223,8,974
224,254,9,974
255,260,10,974
261,363,11,974
364,379,12,974
380,380,13,974
381,386,14,974
387,416,15,974
417,417,16,974
418,455,17,974
456,457,18,974
458,472,19,974
473,473,20,974
474,474,21,974
475,475,22,974
476,478,23,974
479,479,24,974
480,480,25,974
481,506,26,974
507,507,27,974
508,508,28,974
509,509,29,974
510,519,30,974
520,606,31,974
607,825,32,974
826,932,33,974
933,946,34,974
947,960,35,974
961,973,36,974
974,994,37,974
995,1029,38,974
1030,1292,39,974
1293,1294,40,974
1295,1317,41,974
1318,1319,42,974
1320,1355,43,974
1356,1493,44,974
1494,1495,45,974
1496,1530,46,974
1531,1821,47,974
1822,1850,48,974
1851,1851,49,974
1,5,1,980
6,6,2,980
7,7,3,980
8,8,4,980
9,9,5,980
10,21,6,980
22,22,7,980
23,31,8,980
32,32,9,980
33,33,10,980
34,34,11,980
35,47,12,980
48,48,13,980
49,49,14,980
50,50,15,980
51,70,16,980
71,83,17,980
84,93,18,980
94,94,19,980
95,101,20,980
102,102,21,980
103,124,22,980
125,129,23,980
130,131,24,980
132,146,25,980
147,158,26,980
159,170,27,980
171,171,28,980
172,172,29,980
173,179,30,980
180,198,31,980
199,221,32,980
222,227,33,980
228,230,34,980
231,251,35,980
252,253,36,980
254,275,37,980
276,321,38,980
322,369,39,980
370,371,40,980
372,406,41,980
407,412,42,980
413,413,43,980
414,428,44,980
429,430,45,980
431,440,46,980
441,442,47,980
443,445,48,980
446,449,49,980
450,453,50,980
454,457,51,980
458,459,52,980
460,488,53,980
489,492,54,980
493,497,55,980
498,506,56,980
507,521,57,980
522,525,58,980
526,562,59,980
563,580,60,980
581,597,61,980
598,608,62,980
609,628,63,980
629,652,64,980
653,655,65,980
656,790,66,980
791,831,67,980
832,841,68,980
842,861,69,980
862,879,70,980
880,897,71,980
898,908,72,980
909,914,73,980
915,938,74,980
939,948,75,980
949,961,76,980
962,990,77,980
991,994,78,980
995,995,79,980
996,996,80,980
997,1009,81,980
1010,1045,82,980
1046,1047,83,980
1048,1048,84,980
1049,1077,85,980
1078,1080,86,980
1081,1095,87,980
1096,1108,88,980
1109,1113,89,980
1114,1117,90,980
1118,1124,91,980
1125,1135,92,980
1136,1136,93,980
1137,1144,94,980
1145,1148,95,980
1149,1155,96,980
1156,1234,97,980
1235,1235,98,980
1236,1251,99,980
1252,1252,100,980
1253,1289,101,980
1290,1322,102,980
1323,1340,103,980
1341,1348,104,980
1349,1349,105,980
1350,1389,106,980
1390,1397,107,980
1,47,1,1012
48,48,2,1012
49,63,3,1012
64,71,4,1012
72,72,5,1012
73,75,6,1012
76,78,7,1012
79,79,8,1012
80,91,9,1012
92,92,10,1012
93,94,11,1012
95,95,12,1012
96,96,13,1012
97,98,14,1012
99,121,15,1012
122,123,16,1012
124,124,17,1012
125,139,18,1012
140,141,19,1012
142,157,20,1012
158,160,21,1012
161,171,22,1012
172,172,23,1012
173,232,24,1012
233,233,25,1012
234,236,26,1012
237,237,27,1012
238,242,28,1012
243,243,29,1012
244,253,30,1012
254,254,31,1012
255,257,32,1012
258,258,33,1012
259,289,34,1012
290,291,35,1012
292,304,36,1012
305,307,37,1012
308,330,38,1012
331,332,39,1012
333,337,40,1012
338,383,41,1012
384,384,42,1012
385,386,43,1012
387,429,44,1012
430,460,45,1012
461,466,46,1012
467,475,47,1012
476,476,48,1012
477,535,49,1012
536,536,50,1012
537,539,51,1012
540,642,52,1012
643,645,53,1012
646,646,54,1012
647,649,55,1012
650,651,56,1012
652,660,57,1012
661,699,58,1012
700,721,59,1012
722,744,60,1012
745,791,61,1012
792,792,62,1012
793,793,63,1012
794,795,64,1012
796,796,65,1012
797,811,66,1012
812,849,67,1012
850,850,68,1012
851,873,69,1012
874,874,70,1012
875,882,71,1012
883,883,72,1012
884,913,73,1012
914,919,74,1012
920,937,75,1012
938,941,76,1012
942,943,77,1012
944,944,78,1012
945,1049,79,1012
1050,1061,80,1012
1062,1065,81,1012
1066,1090,82,1012
1091,1093,83,1012
1094,1095,84,1012
1096,1207,85,1012
1208,1213,86,1012
1214,1225,87,1012
1226,1226,88,1012
1227,1235,89,1012
1236,1246,90,1012
1247,1255,91,1012
1256,1267,92,1012
1268,1271,93,1012
1272,1289,94,1012
1290,1304,95,1012
1305,1308,96,1012
1309,1338,97,1012
1339,1344,98,1012
1345,1362,99,1012
1363,1366,100,1012
1367,1372,101,1012
1373,1397,102,1012
1398,1398,103,1012
1399,1414,104,1012
1415,1415,105,1012
1416,1443,106,1012
1444,1444,107,1012
1445,1451,108,1012
1452,1465,109,1012
1466,1466,110,1012
1467,1479,111,1012
1480,1482,112,1012
1483,1504,113,1012
1505,1505,114,1012
1506,1543,115,1012
1544,1546,116,1012
1547,1552,117,1012
1553,1555,118,1012
1556,1568,119,1012
1569,1570,120,1012
1571,1603,121,1012
1604,1604,122,1012
1605,1615,123,1012
1616,1617,124,1012
1618,1634,125,1012
1635,1636,126,1012
1637,1745,127,1012
1746,1747,128,1012
1748,1783,129,1012
1784,1786,130,1012
1787,1787,131,1012
1788,1789,132,1012
1790,1790,133,1012
1791,1801,134,1012
1802,1831,135,1012
1832,1835,136,1012
1836,1836,137,1012
1837,1843,138,1012
1844,1845,139,1012
1846,1863,140,1012
1864,1865,141,1012
1866,1866,142,1012
1867,1867,143,1012
1868,1868,144,1012
1869,1869,145,1012
1870,1870,146,1012
1871,1872,147,1012
1873,1875,148,1012
1,1,1,1029
2,2,2,1029
3,3,3,1029
4,4,4,1029
5,5,5,1029
6,8,6,1029
9,13,7,1029
14,18,8,1029
19,22,9,1029
23,44,10,1029
45,48,11,1029
49,66,12,1029
67,74,13,1029
75,75,14,1029
76,76,15,1029
77,77,16,1029
78,79,17,1029
80,80,18,1029
81,91,19,1029
92,92,20,1029
93,94,21,1029
95,98,22,1029
99,122,23,1029
123,123,24,1029
124,124,25,1029
125,129,26,1029
130,130,27,1029
131,151,28,1029
152,154,29,1029
155,156,30,1029
157,158,31,1029
159,159,32,1029
160,161,33,1029
162,187,34,1029
188,193,35,1029
194,217,36,1029
218,218,37,1029
219,221,38,1029
222,227,39,1029
228,228,40,1029
229,230,41,1029
231,233,42,1029
234,234,43,1029
235,235,44,1029
236,241,45,1029
242,263,46,1029
264,272,47,1029
273,273,48,1029
274,274,49,1029
275,275,50,1029
276,282,51,1029
283,293,52,1029
294,296,53,1029
297,324,54,1029
325,335,55,1029
336,336,56,1029
337,337,57,1029
338,340,58,1029
341,355,59,1029
356,356,60,1029
357,357,61,1029
358,363,62,1029
364,368,63,1029
369,391,64,1029
392,442,65,1029
443,477,66,1029
478,478,67,1029
479,479,68,1029
480,481,69,1029
482,500,70,1029
501,501,71,1029
502,502,72,1029
503,563,73,1029
564,564,74,1029
565,565,75,1029
566,566,76,1029
567,567,77,1029
568,568,78,1029
569,569,79,1029
570,576,80,1029
577,594,81,1029
595,604,82,1029
605,623,83,1029
624,624,84,1029
625,627,85,1029
628,678,86,1029
679,684,87,1029
685,686,88,1029
687,705,89,1029
706,708,90,1029
709,709,91,1029
710,728,92,1029
729,769,93,1029
770,812,94,1029
813,830,95,1029
831,834,96,1029
835,856,97,1029
857,857,98,1029
858,859,99,1029
860,881,100,1029
882,889,101,1029
890,893,102,1029
894,907,103,1029
908,917,104,1029
918,920,105,1029
921,921,106,1029
922,936,107,1029
937,947,108,1029
948,948,109,1029
949,949,110,1029
950,950,111,1029
951,988,112,1029
989,1012,113,1029
1013,1043,114,1029
1044,1051,115,1029
1052,1066,116,1029
1067,1067,117,1029
1068,1068,118,1029
1069,1070,119,1029
1071,1092,120,1029
1093,1115,121,1029
1116,1119,122,1029
1120,1126,123,1029
1127,1129,124,1029
1130,1130,125,1029
1131,1133,126,1029
1134,1134,127,1029
1135,1145,128,1029
1146,1146,129,1029
1147,1152,130,1029
1153,1164,131,1029
1165,1166,132,1029
1167,1182,133,1029
1183,1183,134,1029
1184,1199,135,1029
1200,1206,136,1029
1207,1218,137,1029
1219,1239,138,1029
1240,1241,139,1029
1242,1243,140,1029
1244,1273,141,1029
1274,1299,142,1029
1300,1300,143,1029
1301,1301,144,1029
1302,1302,145,1029
1,29,1,1030
30,32,2,1030
33,34,3,1030
35,35,4,1030
36,39,5,1030
40,51,6,1030
52,73,7,1030
74,81,8,1030
82,105,9,1030
106,119,10,1030
120,146,11,1030
147,170,12,1030
171,171,13,1030
172,185,14,1030
186,186,15,1030
187,196,16,1030
197,197,17,1030
198,211,18,1030
212,215,19,1030
216,217,20,1030
218,218,21,1030
219,220,22,1030
221,222,23,1030
223,231,24,1030
232,232,25,1030
233,233,26,1030
234,235,27,1030
236,247,28,1030
248,248,29,1030
249,249,30,1030
250,250,31,1030
251,251,32,1030
252,252,33,1030
253,301,34,1030
302,336,35,1030
337,361,36,1030
362,379,37,1030
380,385,38,1030
386,396,39,1030
397,420,40,1030
421,434,41,1030
435,474,42,1030
475,476,43,1030
477,478,44,1030
479,493,45,1030
494,500,46,1030
501,502,47,1030
503,503,48,1030
504,506,49,1030
507,507,50,1030
508,508,51,1030
509,515,52,1030
516,516,53,1030
517,543,54,1030
544,544,55,1030
545,552,56,1030
553,559,57,1030
560,568,58,1030
569,569,59,1030
570,571,60,1030
572,573,61,1030
574,591,62,1030
592,620,63,1030
621,636,64,1030
637,664,65,1030
665,665,66,1030
666,678,67,1030
679,698,68,1030
699,707,69,1030
708,710,70,1030
711,713,71,1030
714,714,72,1030
715,716,73,1030
717,717,74,1030
718,718,75,1030
719,743,76,1030
744,744,77,1030
745,745,78,1030
746,746,79,1030
747,749,80,1030
750,750,81,1030
751,752,82,1030
753,753,83,1030
754,760,84,1030
761,855,85,1030
856,859,86,1030
860,860,87,1030
861,867,88,1030
868,869,89,1030
870,872,90,1030
873,877,91,1030
878,880,92,1030
881,897,93,1030
898,921,94,1030
922,924,95,1030
925,925,96,1030
926,960,97,1030
961,977,98,1030
978,1010,99,1030
1011,1031,100,1030
1032,1037,101,1030
1038,1041,102,1030
1042,1060,103,1030
1061,1072,104,1030
1073,1098,105,1030
1099,1099,106,1030
1100,1116,107,1030
1117,1119,108,1030
1120,1120,109,1030
1121,1281,110,1030
1282,1285,111,1030
1286,1287,112,1030
1288,1298,113,1030
1299,1299,114,1030
1300,1300,115,1030
1301,1314,116,1030
1315,1315,117,1030
1316,1328,118,1030
1329,1345,119,1030
1346,1356,120,1030
1357,1360,121,1030
1361,1362,122,1030
1363,1365,123,1030
1366,1367,124,1030
1368,1370,125,1030
1371,1371,126,1030
1372,1372,127,1030
1373,1376,128,1030
1377,1384,129,1030
1385,1385,130,1030
1386,1401,131,1030
1402,1403,132,1030
1404,1407,133,1030
1408,1422,134,1030
1423,1586,135,1030
1587,1588,136,1030
1589,1591,137,1030
1592,1598,138,1030
1599,1599,139,1030
1600,1600,140,1030
1601,1620,141,1030
1621,1621,142,1030
1622,1623,143,1030
1624,1651,144,1030
1652,1652,145,1030
1653,1665,146,1030
1666,1666,147,1030
1667,1685,148,1030
1686,1711,149,1030
1712,1733,150,1030
1734,1764,151,1030
1,1,1,1032
2,4,2,1032
5,13,3,1032
14,14,4,1032
15,16,5,1032
17,18,6,1032
19,20,7,1032
21,21,8,1032
22,23,9,1032
24,27,10,1032
28,29,11,1032
30,33,12,1032
34,34,13,1032
35,45,14,1032
46,52,15,1032
53,58,16,1032
59,61,17,1032
62,71,18,1032
72,72,19,1032
73,76,20,1032
77,81,21,1032
82,82,22,1032
83,88,23,1032
89,89,24,1032
90,101,25,1032
102,103,26,1032
104,108,27,1032
109,109,28,1032
110,113,29,1032
114,125,30,1032
126,127,31,1032
128,128,32,1032
129,142,33,1032
143,155,34,1032
156,156,35,1032
157,191,36,1032
192,192,37,1032
193,201,38,1032
202,202,39,1032
203,210,40,1032
211,212,41,1032
213,236,42,1032
237,292,43,1032
293,307,44,1032
308,354,45,1032
355,356,46,1032
357,368,47,1032
369,378,48,1032
379,379,49,1032
380,380,50,1032
381,385,51,1032
386,397,52,1032
398,399,53,1032
400,422,54,1032
423,423,55,1032
424,449,56,1032
450,450,57,1032
451,453,58,1032
454,456,59,1032
457,469,60,1032
470,474,61,1032
475,487,62,1032
488,489,63,1032
490,548,64,1032
549,555,65,1032
556,567,66,1032
568,580,67,1032
581,600,68,1032
601,609,69,1032
610,615,70,1032
616,618,71,1032
619,622,72,1032
623,678,73,1032
679,679,74,1032
680,681,75,1032
682,683,76,1032
684,684,77,1032
685,703,78,1032
704,721,79,1032
722,738,80,1032
739,746,81,1032
747,748,82,1032
749,795,83,1032
796,796,84,1032
797,826,85,1032
827,835,86,1032
836,836,87,1032
837,838,88,1032
839,839,89,1032
840,852,90,1032
853,856,91,1032
857,904,92,1032
905,905,93,1032
906,920,94,1032
921,925,95,1032
926,927,96,1032
928,928,97,1032
929,929,98,1032
930,933,99,1032
934,934,100,1032
935,935,101,1032
936,945,102,1032
946,988,103,1032
989,998,104,1032
999,1065,105,1032
1066,1075,106,1032
1076,1083,107,1032
1084,1097,108,1032
1098,1098,109,1032
1099,1100,110,1032
1101,1133,111,1032
1134,1134,112,1032
1135,1137,113,1032
1138,1138,114,1032
1,5,1,1047
6,27,2,1047
28,28,3,1047
29,85,4,1047
86,86,5,1047
87,88,6,1047
89,89,7,1047
90,132,8,1047
133,138,9,1047
139,146,10,1047
147,147,11,1047
148,153,12,1047
154,180,13,1047
181,183,14,1047
184,185,15,1047
186,204,16,1047
205,212,17,1047
213,230,18,1047
231,233,19,1047
234,234,20,1047
235,239,21,1047
240,250,22,1047
251,251,23,1047
252,272,24,1047
273,278,25,1047
279,296,26,1047
297,300,27,1047
301,303,28,1047
304,304,29,1047
305,315,30,1047
316,316,31,1047
317,324,32,1047
325,326,33,1047
327,337,34,1047
338,338,35,1047
339,339,36,1047
340,364,37,1047
365,365,38,1047
366,448,39,1047
449,453,40,1047
454,454,41,1047
455,460,42,1047
461,461,43,1047
462,496,44,1047
497,533,45,1047
534,537,46,1047
538,560,47,1047
561,595,48,1047
596,623,49,1047
624,624,50,1047
625,648,51,1047
649,649,52,1047
650,657,53,1047
658,658,54,1047
659,711,55,1047
712,712,56,1047
713,713,57,1047
714,715,58,1047
716,717,59,1047
718,760,60,1047
761,761,61,1047
762,774,62,1047
775,804,63,1047
805,805,64,1047
806,819,65,1047
820,828,66,1047
829,829,67,1047
830,836,68,1047
837,837,69,1047
838,842,70,1047
843,849,71,1047
850,850,72,1047
851,860,73,1047
861,869,74,1047
870,919,75,1047
920,920,76,1047
921,931,77,1047
932,937,78,1047
938,944,79,1047
945,961,80,1047
962,962,81,1047
963,964,82,1047
965,965,83,1047
966,967,84,1047
968,987,85,1047
988,988,86,1047
989,1000,87,1047
1001,1001,88,1047
1002,1002,89,1047
1003,1023,90,1047
1024,1035,91,1047
1036,1036,92,1047
1037,1100,93,1047
1101,1101,94,1047
1,18,1,1068
19,19,2,1068
20,44,3,1068
45,51,4,1068
52,52,5,1068
53,68,6,1068
69,81,7,1068
82,82,8,1068
83,91,9,1068
92,94,10,1068
95,103,11,1068
104,114,12,1068
115,116,13,1068
117,117,14,1068
118,122,15,1068
123,149,16,1068
150,153,17,1068
154,154,18,1068
155,166,19,1068
167,186,20,1068
187,191,21,1068
192,204,22,1068
205,205,23,1068
206,244,24,1068
245,246,25,1068
247,251,26,1068
252,264,27,1068
265,265,28,1068
266,266,29,1068
267,284,30,1068
285,295,31,1068
296,296,32,1068
297,298,33,1068
299,300,34,1068
301,301,35,1068
302,302,36,1068
303,320,37,1068
321,321,38,1068
322,348,39,1068
349,351,40,1068
352,364,41,1068
365,380,42,1068
381,396,43,1068
397,397,44,1068
398,400,45,1068
401,412,46,1068
413,439,47,1068
440,440,48,1068
441,522,49,1068
523,524,50,1068
525,530,51,1068
531,535,52,1068
536,540,53,1068
541,550,54,1068
551,552,55,1068
553,553,56,1068
554,580,57,1068
581,624,58,1068
625,625,59,1068
626,642,60,1068
643,644,61,1068
645,658,62,1068
659,692,63,1068
693,695,64,1068
696,697,65,1068
698,701,66,1068
702,710,67,1068
711,746,68,1068
747,754,69,1068
755,786,70,1068
787,821,71,1068
822,829,72,1068
830,842,73,1068
843,850,74,1068
851,875,75,1068
876,879,76,1068
880,903,77,1068
904,904,78,1068
905,906,79,1068
907,914,80,1068
915,920,81,1068
921,929,82,1068
930,940,83,1068
941,942,84,1068
943,943,85,1068
944,944,86,1068
945,966,87,1068
967,1026,88,1068
1027,1027,89,1068
1028,1029,90,1068
1030,1031,91,1068
1032,1042,92,1068
1043,1068,93,1068
1069,1069,94,1068
1070,1086,95,1068
1087,1096,96,1068
1097,1097,97,1068
1098,1103,98,1068
1104,1104,99,1068
1105,1113,100,1068
1114,1114,101,1068
1115,1115,102,1068
1116,1116,103,1068
1117,1117,104,1068
1118,1118,105,1068
1119,1119,106,1068
1120,1120,107,1068
1121,1122,108,1068
1123,1123,109,1068
1124,1139,110,1068
1140,1140,111,1068
1141,1150,112,1068
1151,1151,113,1068
1,1,1,1073
2,2,2,1073
3,3,3,1073
4,4,4,1073
5,5,5,1073
6,7,6,1073
8,8,7,1073
9,10,8,1073
11,42,9,1073
43,46,10,1073
47,53,11,1073
54,54,12,1073
55,67,13,1073
68,69,14,1073
70,106,15,1073
107,107,16,1073
108,130,17,1073
131,139,18,1073
140,140,19,1073
141,148,20,1073
149,168,21,1073
169,296,22,1073
297,297,23,1073
298,298,24,1073
299,307,25,1073
308,308,26,1073
309,309,27,1073
310,312,28,1073
313,314,29,1073
315,316,30,1073
317,326,31,1073
327,328,32,1073
329,334,33,1073
335,369,34,1073
370,370,35,1073
371,371,36,1073
372,373,37,1073
374,374,38,1073
375,376,39,1073
377,377,40,1073
378,381,41,1073
382,386,42,1073
387,388,43,1073
389,389,44,1073
390,409,45,1073
410,439,46,1073
440,593,47,1073
594,599,48,1073
600,607,49,1073
608,631,50,1073
632,641,51,1073
642,644,52,1073
645,724,53,1073
725,725,54,1073
726,756,55,1073
757,757,56,1073
758,758,57,1073
759,764,58,1073
765,765,59,1073
766,766,60,1073
767,833,61,1073
834,882,62,1073
883,896,63,1073
897,909,64,1073
910,910,65,1073
911,918,66,1073
919,920,67,1073
921,937,68,1073
938,938,69,1073
939,970,70,1073
971,971,71,1073
972,972,72,1073
973,994,73,1073
995,995,74,1073
996,996,75,1073
997,998,76,1073
999,1004,77,1073
1005,1036,78,1073
1037,1045,79,1073
1046,1046,80,1073
1047,1054,81,1073
1055,1055,82,1073
1056,1080,83,1073
1081,1081,84,1073
1082,1082,85,1073
1083,1103,86,1073
1104,1148,87,1073
1149,1190,88,1073
1191,1191,89,1073
1192,1197,90,1073
1198,1198,91,1073
1199,1202,92,1073
1203,1205,93,1073
1206,1214,94,1073
1215,1395,95,1073
1396,1477,96,1073
1478,1491,97,1073
1492,1492,98,1073
1493,1504,99,1073
1505,1507,100,1073
1508,1509,101,1073
1510,1510,102,1073
1511,1511,103,1073
1512,1581,104,1073
1582,1583,105,1073
1584,1621,106,1073
1622,1623,107,1073
1624,1634,108,1073
1635,1645,109,1073
1646,1646,110,1073
